ID,Status,LastMaintenance,LocationID
1,Good,2007-07-07 03:18:14,771
2,Good,2020-01-10 19:50:47,817
3,Good,,902
4,Good,1997-09-01 16:02:03,87
5,Good,2002-01-15 13:10:17,539
6,Good,1999-03-01 22:56:50,978
7,Good,2016-09-28 14:08:21,487
8,Good,2005-12-19 10:01:20,293
9,Good,2023-11-08 23:55:25,793
10,Good,2016-02-27 01:15:19,895
11,Good,2005-04-03 18:41:44,44
12,Good,2008-03-04 16:22:43,609
13,Good,1998-06-15 12:56:47,698
14,Good,2017-08-11 18:50:11,510
15,Good,2011-02-11 18:39:22,427
16,Good,2008-10-01 12:55:05,226
17,Good,2006-09-19 22:47:31,358
18,Good,2010-12-24 04:40:28,918
19,Good,2019-06-04 12:51:43,579
20,Good,1997-08-11 23:00:49,401
21,Good,2024-05-08 14:34:44,428
22,Good,2016-04-30 06:01:07,47
23,Good,2000-10-30 19:03:44,147
24,Good,2012-02-09 06:39:19,568
25,Good,2023-05-05 00:43:49,904
26,Good,2022-09-26 15:42:37,758
27,Good,2007-07-03 18:02:54,855
28,Good,2018-01-24 20:47:08,630
29,Good,2018-12-16 04:50:11,854
30,Good,2014-08-30 03:31:40,697
31,Good,2015-03-19 18:25:30,261
32,Good,2000-06-21 10:35:19,792
33,Good,2021-08-29 21:15:39,347
34,Needs Maintenance,2008-10-24 11:50:41,796
35,Good,2011-12-12 08:33:29,804
36,Good,2004-06-15 08:48:31,259
37,Good,2010-10-29 05:34:44,181
38,Good,2016-08-30 11:00:00,963
39,Good,2013-05-16 07:14:48,904
40,Good,2000-02-14 05:58:46,922
41,Good,2007-05-03 02:25:39,424
42,Needs Maintenance,2001-10-19 10:11:50,842
43,Good,2017-12-14 23:19:21,480
44,Good,2004-01-30 20:53:09,494
45,Good,1998-09-22 12:05:20,679
46,Good,2005-04-01 10:44:35,150
47,Good,1999-02-19 20:43:17,160
48,Good,2014-11-06 12:06:13,438
49,Good,2017-02-24 16:19:03,655
50,Good,2000-12-29 18:30:44,344
51,Good,2020-01-02 07:11:56,451
52,Good,2004-11-26 14:29:22,375
53,Good,2016-06-14 22:32:39,879
54,Good,2022-04-12 14:30:05,64
55,Good,2021-06-01 18:20:54,410
56,Good,2018-12-08 10:03:16,432
57,Needs Maintenance,2008-06-12 01:57:14,926
58,Good,2012-06-03 21:09:04,795
59,Good,2001-04-13 19:35:24,829
60,Good,2007-01-18 09:13:22,329
61,Good,2006-04-30 01:54:33,98
62,Good,2016-03-16 16:50:29,861
63,Good,2011-01-25 22:31:02,485
64,Good,2018-03-17 05:23:07,993
65,Good,2023-09-22 21:14:33,564
66,Good,2009-12-13 02:50:54,682
67,Good,2024-03-30 12:45:23,497
68,Good,2022-12-10 11:36:48,376
69,Good,2010-04-21 19:49:59,449
70,Good,1997-07-24 08:54:19,550
71,Good,2009-04-07 07:29:33,528
72,Good,2004-01-11 20:34:56,183
73,Good,2005-04-23 18:52:53,884
74,Good,2005-06-18 23:33:38,291
75,Good,2000-04-20 18:49:34,399
76,Good,1999-11-21 02:56:36,919
77,Good,2018-02-10 07:22:34,68
78,Good,2000-04-22 03:39:30,524
79,Good,2003-12-31 13:39:24,94
80,Good,2023-11-18 05:52:36,561
81,Good,2024-04-21 13:30:39,637
82,Good,2010-01-01 21:24:54,57
83,Needs Maintenance,2013-07-12 08:26:31,518
84,Good,2018-09-21 19:33:40,962
85,Good,1999-10-04 08:27:21,869
86,Good,2012-02-29 18:28:11,778
87,Good,2000-09-15 10:03:30,526
88,Good,2006-11-27 12:06:10,540
89,Good,1998-04-13 20:36:57,72
90,Good,2017-09-23 02:00:39,421
91,Good,2008-07-30 22:26:02,377
92,Needs Maintenance,2001-11-29 08:32:37,404
93,Good,2005-10-15 18:31:03,875
94,Good,2020-05-08 05:00:11,829
95,Good,2009-03-21 23:20:10,603
96,Good,2017-07-19 12:12:01,952
97,Good,2003-09-24 04:29:41,626
98,Good,2000-03-21 18:58:50,335
99,Good,2015-12-22 21:55:26,543
100,Good,1998-11-27 06:48:05,319
101,Good,2017-02-28 04:06:39,557
102,Good,2022-09-09 05:14:49,70
103,Good,2023-11-25 05:40:38,999
104,Good,2005-10-02 02:04:01,573
105,Good,2003-09-20 12:05:06,669
106,Good,2008-11-19 17:24:26,824
107,Needs Maintenance,2017-03-29 18:18:10,982
108,Good,2015-07-09 15:08:15,568
109,Good,1999-03-24 02:33:14,535
110,Good,2006-12-12 10:47:50,125
111,Good,2014-11-14 00:52:41,784
112,Good,2003-02-05 15:41:08,756
113,Needs Maintenance,2000-05-16 14:16:03,503
114,Good,2000-04-07 05:02:30,520
115,Good,1997-09-02 06:27:16,385
116,Good,,519
117,Good,2009-08-06 01:03:37,85
118,Needs Maintenance,2012-01-14 16:51:27,88
119,Good,2009-02-24 08:14:42,660
120,Good,2014-10-02 02:56:00,237
121,Good,2014-03-01 14:08:54,138
122,Good,2014-04-04 22:25:21,394
123,Good,2006-04-24 08:35:11,161
124,Good,2013-12-30 02:10:48,536
125,Good,2016-11-12 09:55:27,96
126,Good,2002-10-10 07:08:22,866
127,Good,2015-12-25 00:53:08,438
128,Needs Maintenance,2014-11-06 16:46:15,355
129,Good,2018-08-19 10:58:18,230
130,Good,2013-03-09 16:20:15,800
131,Good,2009-05-06 07:54:14,899
132,Good,2005-10-02 04:16:32,958
133,Good,1998-03-02 14:39:25,893
134,Good,2002-07-21 01:21:55,212
135,Good,2022-10-31 19:06:06,739
136,Good,2013-08-21 20:41:20,446
137,Good,2014-09-25 19:57:41,902
138,Good,2003-09-18 15:31:28,521
139,Good,2007-03-06 13:58:08,539
140,Good,2017-02-16 19:49:02,539
141,Needs Maintenance,2013-08-15 17:37:18,141
142,Good,2018-09-17 16:02:49,784
143,Good,2021-07-27 12:58:05,642
144,Good,2004-03-23 08:27:57,96
145,Good,2021-06-13 10:20:26,976
146,Good,2017-11-07 09:18:50,902
147,Good,,623
148,Good,1997-12-12 04:57:58,309
149,Good,2024-01-15 18:59:37,511
150,Good,2002-10-18 19:22:41,636
151,Good,1999-06-17 12:24:10,284
152,Good,2022-05-26 04:46:29,316
153,Good,2005-01-14 16:39:52,157
154,Good,2002-05-17 17:07:54,779
155,Good,2020-12-12 10:11:38,159
156,Good,2017-04-17 03:57:18,396
157,Good,1998-12-30 05:52:39,300
158,Good,2018-02-08 08:24:28,800
159,Needs Maintenance,2006-04-30 08:41:26,132
160,Good,2020-09-05 20:40:57,1
161,Good,2003-03-22 22:10:55,151
162,Good,2012-08-03 15:34:54,67
163,Good,2010-01-23 10:58:40,256
164,Good,2015-02-10 07:32:36,11
165,Good,1998-04-18 09:53:38,639
166,Good,2015-03-22 10:57:31,510
167,Good,2019-07-29 13:52:12,891
168,Good,2012-07-09 02:08:48,502
169,Good,2014-07-25 15:23:58,868
170,Good,1999-08-01 09:29:07,18
171,Good,2009-02-19 06:16:29,98
172,Needs Maintenance,2019-12-17 08:40:28,89
173,Good,2010-10-12 15:08:35,366
174,Good,2000-01-16 02:59:50,469
175,Good,2021-01-28 13:17:30,148
176,Good,2010-07-07 16:57:46,839
177,Good,1998-05-16 02:48:25,652
178,Good,2023-08-22 21:43:21,223
179,Good,2013-05-07 20:50:39,523
180,Good,2020-01-12 13:41:43,912
181,Good,2023-06-16 15:15:24,485
182,Good,2019-02-22 20:59:34,698
183,Good,2021-01-18 04:03:38,442
184,Good,2022-08-22 12:34:36,659
185,Good,2008-03-24 22:04:56,461
186,Good,2010-09-21 00:45:48,617
187,Good,2021-05-13 17:12:01,76
188,Good,2013-05-19 20:09:18,947
189,Good,2013-11-08 11:02:25,611
190,Good,2021-03-19 10:02:16,12
191,Good,2018-12-30 00:45:05,380
192,Good,2007-12-17 15:27:28,890
193,Good,2007-02-05 04:32:31,546
194,Good,2001-08-21 11:35:14,584
195,Good,2010-01-18 21:38:03,822
196,Good,2009-10-16 02:21:00,536
197,Good,2008-07-17 03:47:52,450
198,Good,2000-12-25 07:57:50,44
199,Good,2007-11-04 02:01:55,455
200,Good,2004-10-24 00:23:50,91
201,Good,2009-07-11 01:46:38,968
202,Good,2006-09-29 00:45:48,945
203,Good,1998-01-19 06:40:26,418
204,Good,2016-02-14 06:54:54,751
205,Good,2004-06-02 09:20:37,518
206,Good,2019-08-04 15:39:05,444
207,Good,2017-03-15 09:49:59,834
208,Good,2015-02-07 11:05:38,199
209,Good,2011-07-18 07:59:14,881
210,Good,2022-08-03 09:12:16,952
211,Needs Maintenance,2018-02-04 12:17:30,135
212,Good,2016-05-20 21:07:45,801
213,Good,2020-07-24 20:40:39,962
214,Good,2002-03-26 12:14:41,746
215,Good,2013-10-20 21:45:38,465
216,Good,2000-02-01 04:43:09,921
217,Good,2023-10-27 02:27:44,568
218,Good,1997-10-01 06:40:02,962
219,Good,2017-07-25 06:29:59,49
220,Needs Maintenance,2019-09-22 01:36:12,608
221,Good,2002-01-30 11:51:55,843
222,Good,2018-04-14 12:08:50,387
223,Good,2004-06-25 00:51:51,201
224,Good,2015-09-13 03:50:36,760
225,Good,2007-08-02 16:50:36,589
226,Good,2010-12-21 20:11:53,619
227,Good,2011-11-13 01:37:58,786
228,Good,2018-04-07 07:08:47,387
229,Good,2019-04-19 04:15:50,164
230,Good,2015-09-28 02:11:25,983
231,Good,2024-06-13 10:23:55,515
232,Good,2011-04-22 13:18:37,122
233,Needs Maintenance,2014-01-02 05:20:40,238
234,Good,2008-11-04 10:24:23,877
235,Good,2011-11-16 09:17:05,528
236,Needs Maintenance,2018-06-04 04:58:58,881
237,Good,2001-04-04 06:45:09,381
238,Good,2022-06-07 10:53:44,870
239,Good,2023-09-20 11:52:00,117
240,Good,2000-07-08 13:10:38,347
241,Good,2010-07-14 23:18:17,905
242,Good,2016-11-23 10:09:38,467
243,Good,2008-03-20 04:51:14,98
244,Good,1999-02-27 21:50:24,603
245,Good,2020-03-03 21:51:33,692
246,Good,2001-09-15 19:09:23,819
247,Good,2009-03-17 22:35:33,886
248,Good,1998-01-14 10:02:13,692
249,Good,2002-03-06 08:29:15,326
250,Good,,708
251,Good,2000-12-14 22:33:52,83
252,Good,2016-02-17 17:58:23,420
253,Good,2022-12-05 11:12:32,437
254,Good,2013-02-12 08:28:28,969
255,Good,2020-02-23 05:04:24,525
256,Good,2011-08-06 16:07:51,38
257,Good,2000-08-17 03:51:40,606
258,Good,2018-03-14 19:27:30,83
259,Good,2006-08-10 23:26:37,60
260,Good,,493
261,Good,2019-07-02 18:54:23,905
262,Good,2003-11-15 06:18:42,226
263,Good,2021-10-03 18:02:15,133
264,Good,2009-03-22 19:39:33,842
265,Good,2020-12-28 19:45:15,228
266,Good,2001-06-25 09:59:17,532
267,Good,2019-04-14 06:47:05,655
268,Good,2023-12-09 08:59:24,493
269,Good,2023-08-13 03:33:45,778
270,Good,2009-03-29 11:24:37,552
271,Good,2023-10-10 06:42:21,398
272,Good,2013-06-26 15:49:39,288
273,Good,2010-07-16 00:12:52,72
274,Good,2023-07-28 22:28:41,852
275,Good,2014-09-16 19:41:01,621
276,Good,2003-09-14 23:35:53,428
277,Good,2003-02-20 10:20:39,142
278,Good,2001-05-01 05:17:05,313
279,Good,2008-11-13 03:43:56,451
280,Good,2018-10-04 01:21:04,559
281,Good,2004-12-07 20:03:51,542
282,Good,2018-02-03 16:15:37,930
283,Good,2022-02-11 14:58:41,51
284,Good,2021-04-06 14:11:58,820
285,Good,2000-09-20 03:47:34,495
286,Good,2021-08-07 02:09:17,333
287,Good,2011-01-24 11:04:05,92
288,Good,2009-06-02 11:49:44,798
289,Good,2005-01-29 06:24:27,270
290,Good,2003-01-21 01:01:42,277
291,Good,2018-05-16 11:02:34,220
292,Good,2001-05-27 11:19:12,292
293,Good,,983
294,Needs Maintenance,2024-05-26 10:18:22,555
295,Good,2021-09-14 16:25:11,48
296,Good,1998-11-03 00:50:16,365
297,Good,2016-05-11 20:57:11,683
298,Good,1998-07-12 03:23:37,916
299,Good,2010-01-14 14:45:48,687
300,Good,2020-11-16 01:24:17,134
301,Good,1998-09-07 18:50:29,364
302,Good,1999-01-15 08:08:02,392
303,Good,2018-07-16 02:33:03,439
304,Good,2017-12-21 21:33:18,126
305,Good,2015-02-18 21:08:29,902
306,Good,2009-07-21 10:46:09,414
307,Good,2012-04-04 08:51:56,814
308,Good,2012-06-26 02:15:37,78
309,Good,2018-11-26 23:26:45,771
310,Good,2023-11-01 04:50:14,915
311,Good,2003-03-17 01:53:42,680
312,Good,2001-01-10 13:38:56,104
313,Good,2011-05-24 14:42:04,502
314,Good,2022-07-14 12:58:49,576
315,Good,2021-08-28 07:53:12,221
316,Needs Maintenance,2012-08-20 15:14:03,516
317,Good,2003-03-12 06:18:57,906
318,Good,2022-04-18 23:55:30,937
319,Good,2008-07-07 01:55:18,441
320,Good,2022-02-12 01:22:18,845
321,Good,2015-12-06 09:24:39,904
322,Good,1998-06-23 06:15:30,512
323,Good,2021-12-31 19:15:18,505
324,Good,2015-12-21 13:04:10,277
325,Good,2009-08-27 23:48:28,398
326,Good,2012-09-13 23:03:15,616
327,Good,2005-03-16 15:37:57,289
328,Good,2014-12-09 15:44:52,537
329,Good,2023-10-14 14:24:49,394
330,Good,2008-06-30 09:23:18,322
331,Good,1998-08-10 14:47:58,831
332,Good,2007-11-19 03:08:05,386
333,Good,2018-08-26 05:30:47,395
334,Good,2017-05-23 08:35:04,677
335,Good,2022-08-16 08:00:02,989
336,Good,2023-01-07 06:03:32,87
337,Good,2020-10-04 05:35:43,965
338,Good,2012-08-01 17:57:56,419
339,Good,2019-12-29 04:23:07,380
340,Needs Maintenance,2007-09-04 14:17:29,227
341,Good,2005-07-22 08:02:42,417
342,Good,2005-08-12 21:10:33,1000
343,Good,2002-07-01 06:25:02,53
344,Good,2011-10-13 11:28:04,828
345,Good,2019-04-23 15:28:20,227
346,Good,2017-09-18 06:37:56,777
347,Good,2011-12-10 13:21:28,226
348,Good,2016-12-24 13:20:23,54
349,Good,2017-08-14 12:20:01,888
350,Good,2012-09-01 22:28:52,664
351,Good,2018-08-24 12:20:03,597
352,Good,2007-02-27 05:19:26,889
353,Good,2015-08-09 17:15:57,123
354,Good,2014-06-07 08:18:26,379
355,Good,2009-10-21 19:34:20,657
356,Good,2019-10-10 08:43:32,357
357,Good,2000-09-07 14:03:24,415
358,Good,2006-05-11 08:10:15,610
359,Good,2019-03-17 05:57:35,134
360,Good,2001-02-20 23:43:39,922
361,Good,2020-11-15 03:39:18,184
362,Good,2014-11-14 05:38:08,643
363,Good,2017-02-16 00:54:14,241
364,Good,2017-09-05 00:56:39,891
365,Good,2005-03-26 18:12:05,480
366,Good,2000-11-16 05:39:37,996
367,Good,2008-03-06 13:16:50,435
368,Good,2015-03-07 15:52:42,218
369,Good,2007-08-04 03:13:18,586
370,Good,2003-09-08 01:41:20,157
371,Good,2001-10-04 15:38:46,728
372,Good,2002-03-21 18:38:36,86
373,Good,2002-07-19 04:43:27,109
374,Good,2016-05-18 02:07:55,594
375,Good,2002-07-29 14:20:21,390
376,Good,2016-04-11 17:41:49,749
377,Good,2013-09-30 00:54:13,369
378,Good,2013-05-05 13:19:19,223
379,Needs Maintenance,2011-04-10 11:20:51,973
380,Good,1998-05-15 04:38:03,3
381,Good,2023-11-14 15:08:49,699
382,Good,2016-01-27 07:25:08,743
383,Good,2017-04-03 06:12:21,102
384,Good,2015-10-27 19:15:06,601
385,Good,2008-11-27 09:47:29,715
386,Needs Maintenance,2006-09-11 06:05:22,885
387,Good,2010-09-04 21:02:07,534
388,Needs Maintenance,2005-04-01 16:36:46,80
389,Good,2000-02-06 06:57:20,437
390,Good,2016-05-03 03:13:13,838
391,Good,2023-07-21 05:30:54,339
392,Good,2001-07-13 01:19:47,873
393,Good,2020-04-14 10:16:52,950
394,Good,2021-06-15 20:18:24,693
395,Good,2020-04-08 10:41:53,119
396,Needs Maintenance,1998-06-13 20:11:42,912
397,Good,1999-02-04 12:08:26,333
398,Good,2022-12-14 19:36:01,862
399,Good,,99
400,Good,2009-12-26 04:59:47,431
401,Good,,67
402,Good,2021-01-07 02:16:08,50
403,Good,2004-04-27 07:46:37,93
404,Good,2022-06-26 18:26:16,854
405,Good,2020-01-21 06:21:02,304
406,Good,2002-10-16 09:56:57,496
407,Good,1998-03-03 06:00:17,376
408,Good,2018-01-23 03:55:27,348
409,Good,1998-12-08 18:09:14,539
410,Good,2013-02-02 14:01:53,567
411,Good,2024-06-11 03:58:04,503
412,Good,1999-10-10 06:37:51,639
413,Good,2016-09-30 01:40:05,376
414,Good,2021-01-04 20:41:48,302
415,Good,,382
416,Good,2011-12-06 05:16:24,65
417,Good,2006-07-03 19:03:17,932
418,Good,2019-03-04 23:04:26,425
419,Good,2007-12-04 11:38:34,410
420,Good,2001-10-07 10:29:42,476
421,Good,2019-12-20 07:26:10,839
422,Good,2009-05-14 05:44:33,258
423,Good,2008-03-13 18:49:49,512
424,Good,2006-02-11 23:23:53,145
425,Good,2014-01-22 23:34:36,256
426,Good,1998-12-17 20:25:02,599
427,Good,2013-02-21 16:48:39,937
428,Needs Maintenance,2010-10-18 17:44:09,328
429,Good,2002-11-01 12:46:51,760
430,Good,2022-01-13 18:49:58,712
431,Good,2009-04-16 07:14:53,466
432,Good,2013-09-06 07:49:45,542
433,Good,2014-02-25 10:47:57,380
434,Good,1998-10-13 08:15:45,873
435,Good,2002-01-02 19:34:05,200
436,Good,2019-02-14 03:18:20,952
437,Good,2007-10-30 01:56:36,652
438,Good,2014-11-06 00:47:48,45
439,Good,2004-05-08 20:51:49,141
440,Good,2024-05-12 06:47:29,9
441,Good,,613
442,Good,2007-05-11 15:36:31,61
443,Good,2007-03-05 22:09:15,300
444,Good,2018-01-24 11:15:53,315
445,Good,2014-08-07 08:53:55,900
446,Good,2003-05-29 00:53:21,275
447,Good,2008-01-04 12:49:50,629
448,Good,2018-01-22 03:00:12,613
449,Good,2015-05-31 10:37:15,110
450,Good,2018-07-22 23:24:55,643
451,Good,2002-02-02 17:24:11,807
452,Good,1999-05-04 06:35:13,805
453,Good,2001-08-27 07:39:53,467
454,Good,2022-05-18 02:06:32,123
455,Good,2019-02-03 07:11:46,241
456,Good,2012-06-08 09:29:06,626
457,Good,2002-03-13 16:24:15,228
458,Good,2011-05-25 14:14:13,698
459,Good,2009-08-16 08:12:16,72
460,Good,1998-01-14 20:50:48,528
461,Good,2012-09-23 08:01:04,738
462,Good,2004-06-18 09:00:11,685
463,Good,2023-04-26 21:42:18,625
464,Good,2021-05-17 06:40:26,255
465,Good,2012-09-06 14:26:11,449
466,Good,2008-01-12 09:40:35,940
467,Good,2016-03-18 00:16:48,431
468,Good,2007-09-13 02:24:26,856
469,Needs Maintenance,2015-11-19 16:04:26,494
470,Good,2012-08-24 10:40:38,477
471,Good,2000-02-05 18:59:50,732
472,Good,2008-08-25 02:26:06,936
473,Good,2015-10-04 10:06:11,708
474,Good,2019-12-06 11:40:37,158
475,Good,2006-12-21 01:32:08,601
476,Good,2015-06-16 20:26:39,680
477,Good,2001-07-12 10:52:41,831
478,Good,2007-12-16 17:53:25,190
479,Good,2023-09-10 22:53:54,205
480,Good,2016-03-03 16:28:13,61
481,Needs Maintenance,2017-06-07 11:17:40,814
482,Good,2000-06-16 06:01:22,914
483,Good,1999-01-25 12:07:21,633
484,Good,2010-06-21 13:51:43,495
485,Good,2015-02-15 14:18:54,335
486,Good,2017-08-13 13:58:26,235
487,Good,2014-10-28 19:07:52,253
488,Good,2008-09-28 06:17:06,483
489,Good,2019-09-20 04:09:34,32
490,Needs Maintenance,2008-04-11 22:51:52,671
491,Good,2017-01-30 21:05:34,854
492,Good,2008-07-14 16:46:09,578
493,Good,2011-01-19 18:12:09,379
494,Good,2005-11-16 20:51:03,594
495,Good,2020-03-06 01:21:03,589
496,Good,1997-10-18 21:57:24,384
497,Good,2004-06-06 02:38:33,197
498,Good,2013-12-08 04:32:51,342
499,Good,1999-09-22 12:53:05,68
500,Good,2004-03-08 12:07:35,561
501,Good,2010-10-29 03:48:31,128
502,Good,2005-01-15 17:59:54,685
503,Good,2007-10-04 16:39:20,109
504,Good,,562
505,Good,2011-12-09 07:18:32,843
506,Good,2001-01-11 01:14:09,883
507,Good,,547
508,Good,2012-10-15 23:58:43,310
509,Good,2017-03-26 04:11:41,52
510,Good,1999-12-13 14:10:21,615
511,Good,2022-01-29 14:50:45,480
512,Good,2023-02-09 20:21:59,317
513,Good,2021-05-04 05:23:51,148
514,Good,2011-10-19 19:37:31,964
515,Needs Maintenance,2024-02-07 18:40:53,20
516,Good,2020-11-27 07:22:32,563
517,Good,2019-11-29 00:33:58,414
518,Good,2007-12-22 07:31:08,484
519,Good,2002-12-30 15:38:10,361
520,Good,2017-06-30 15:51:10,372
521,Good,,591
522,Good,2014-01-31 21:42:36,422
523,Good,2002-12-30 00:57:29,567
524,Good,2002-01-13 11:15:09,66
525,Needs Maintenance,2019-11-07 10:40:22,168
526,Good,2024-03-29 20:04:56,717
527,Good,2014-02-06 10:06:38,143
528,Good,2000-05-16 19:16:44,249
529,Good,2000-03-15 18:13:10,688
530,Good,2013-05-26 09:45:33,601
531,Good,2007-04-06 00:49:41,163
532,Good,2006-02-18 01:34:23,655
533,Good,1997-09-03 16:28:23,108
534,Good,2017-12-13 11:33:48,855
535,Good,2014-07-03 18:24:07,969
536,Good,2014-01-11 16:58:05,25
537,Good,2001-01-02 20:31:38,679
538,Good,2011-04-11 01:01:00,70
539,Good,2000-02-21 20:00:24,901
540,Good,1997-12-24 01:21:59,430
541,Good,2006-04-10 14:32:59,294
542,Good,2001-11-04 07:39:55,654
543,Good,2010-09-21 01:30:11,899
544,Good,2010-01-21 00:00:11,914
545,Good,2008-02-23 11:13:54,940
546,Good,2011-04-30 23:28:38,425
547,Good,2009-03-30 14:29:53,23
548,Good,2000-07-22 20:35:48,911
549,Needs Maintenance,2011-12-14 11:18:05,14
550,Good,2022-10-14 01:55:31,569
551,Good,2002-04-19 03:42:20,210
552,Needs Maintenance,2022-07-20 17:20:38,949
553,Good,2001-01-24 15:05:51,948
554,Good,2020-06-16 19:01:37,604
555,Good,2021-08-23 08:44:46,493
556,Good,2012-09-19 01:34:30,139
557,Good,2019-03-14 15:11:28,987
558,Good,2008-02-16 03:42:19,32
559,Good,1998-12-06 11:12:53,887
560,Good,1997-07-22 22:29:25,512
561,Good,2014-02-17 05:23:13,820
562,Good,2018-09-07 09:43:39,484
563,Good,2020-01-21 17:22:00,284
564,Needs Maintenance,2009-10-05 15:58:17,907
565,Good,2017-07-16 16:25:28,200
566,Needs Maintenance,2013-04-30 21:53:50,339
567,Good,2020-07-30 10:12:46,519
568,Needs Maintenance,2011-10-17 05:13:37,924
569,Good,2013-11-28 02:44:21,922
570,Needs Maintenance,2024-03-06 08:26:24,67
571,Good,2006-05-10 03:00:22,342
572,Good,2011-06-19 03:19:56,117
573,Good,2014-02-19 21:31:26,804
574,Good,2024-01-25 13:44:44,437
575,Good,2000-07-09 23:53:44,862
576,Good,1998-05-09 15:50:36,805
577,Good,2001-04-09 06:58:40,695
578,Good,2001-03-05 03:07:59,750
579,Good,2008-12-24 20:24:33,606
580,Good,2006-04-06 22:24:24,474
581,Good,2012-09-22 23:12:45,42
582,Good,1998-03-02 04:07:31,382
583,Good,2016-02-28 03:43:09,237
584,Good,2021-06-14 11:07:04,63
585,Good,2000-12-17 22:40:59,608
586,Good,2015-10-13 20:43:04,892
587,Good,2016-11-26 08:36:38,73
588,Good,2020-07-23 16:11:35,270
589,Good,2017-12-23 04:25:31,109
590,Good,2009-07-19 00:08:33,942
591,Good,2011-12-18 23:23:15,152
592,Good,2000-06-07 06:36:41,918
593,Good,2015-01-06 21:51:27,580
594,Good,2018-02-13 01:52:50,299
595,Good,2016-03-24 10:41:24,150
596,Good,2010-02-16 13:19:07,771
597,Good,2005-12-22 23:40:38,902
598,Good,2002-04-23 00:15:17,159
599,Good,2017-12-10 09:54:19,734
600,Good,2008-08-20 06:38:32,642
601,Good,2014-05-05 20:15:21,719
602,Good,1999-12-18 05:49:43,375
603,Needs Maintenance,2011-02-10 02:33:02,138
604,Good,2002-05-08 16:43:54,936
605,Good,2013-04-28 17:35:14,378
606,Good,2006-04-10 08:33:51,740
607,Good,2017-10-13 06:40:15,292
608,Good,2022-02-16 22:58:24,267
609,Good,2009-02-11 18:20:58,92
610,Good,2021-08-05 17:54:54,606
611,Good,2014-11-15 23:53:42,261
612,Good,2011-07-27 16:49:02,400
613,Good,1997-08-25 20:15:38,517
614,Good,2003-12-27 03:23:50,903
615,Good,2012-12-17 11:32:18,872
616,Good,2017-09-15 05:36:14,992
617,Good,2015-11-04 22:40:18,802
618,Good,2014-03-05 08:46:05,400
619,Good,2017-03-29 05:43:52,968
620,Good,2008-08-02 03:21:41,97
621,Good,2020-07-26 03:09:03,775
622,Good,2017-10-14 16:37:48,75
623,Good,2001-01-07 06:26:43,754
624,Good,2017-04-25 18:15:56,700
625,Good,2020-06-08 03:45:50,702
626,Good,2010-02-08 11:16:48,310
627,Good,2001-08-02 15:58:59,409
628,Good,1998-12-03 12:57:30,672
629,Good,2018-11-01 09:23:53,709
630,Good,1999-04-02 17:33:51,837
631,Good,2002-11-19 03:16:09,107
632,Good,2001-07-25 05:07:02,696
633,Good,2020-11-19 16:07:38,246
634,Good,2007-04-27 19:40:43,871
635,Good,2008-01-18 23:49:08,45
636,Good,2003-06-14 23:19:46,126
637,Needs Maintenance,2002-02-10 11:33:11,700
638,Good,2021-03-04 10:17:58,385
639,Good,2015-11-02 18:07:03,861
640,Good,2003-03-11 20:46:55,345
641,Good,2011-06-07 03:16:29,136
642,Good,2002-04-26 04:17:10,933
643,Good,2006-01-06 02:04:24,465
644,Good,2017-06-21 12:52:55,590
645,Good,2012-03-01 22:18:28,813
646,Good,2010-09-22 18:48:24,908
647,Good,2000-08-13 10:12:30,699
648,Good,2016-03-09 18:11:56,266
649,Good,2004-02-07 06:40:24,457
650,Good,2010-07-11 10:22:38,838
651,Good,2015-01-19 22:21:19,807
652,Good,2018-02-17 19:41:02,476
653,Good,2005-03-25 23:38:38,363
654,Good,1997-09-22 10:40:25,140
655,Good,2023-06-09 13:34:25,225
656,Good,2019-04-18 05:39:14,367
657,Good,2020-11-01 00:14:39,438
658,Good,2014-11-02 16:36:22,482
659,Good,2010-07-10 21:11:40,477
660,Good,2021-09-21 08:51:01,756
661,Good,2015-11-25 13:33:41,316
662,Good,2023-09-02 14:35:38,108
663,Good,2023-11-30 12:06:23,524
664,Good,2013-03-25 13:01:31,560
665,Good,2016-11-16 20:00:59,185
666,Good,2018-04-13 01:19:36,523
667,Good,2015-05-20 20:39:16,329
668,Good,2019-07-30 21:12:43,12
669,Good,2006-05-30 23:34:25,508
670,Good,2003-09-19 02:35:17,242
671,Good,2016-05-25 10:19:14,577
672,Good,2001-10-02 02:31:02,985
673,Good,2019-05-10 07:31:06,513
674,Good,2004-12-02 22:02:52,614
675,Good,2014-01-27 07:41:14,752
676,Good,2024-06-06 20:56:28,926
677,Good,2013-11-15 12:32:03,190
678,Good,,938
679,Good,2003-01-29 00:59:18,208
680,Good,2014-09-20 22:13:43,186
681,Good,2001-11-06 04:22:44,739
682,Good,2014-12-31 17:04:30,124
683,Good,2013-03-20 06:22:38,498
684,Good,2004-11-26 02:50:57,179
685,Good,2023-01-13 13:27:14,245
686,Good,2022-03-07 12:39:18,170
687,Good,,216
688,Good,2016-08-31 10:23:07,627
689,Good,2005-09-02 08:06:48,576
690,Good,2007-11-16 11:29:29,33
691,Needs Maintenance,2023-06-14 18:56:33,424
692,Good,2014-06-16 07:21:42,920
693,Good,2000-01-16 08:17:01,166
694,Good,2000-02-11 09:01:44,309
695,Good,2015-04-14 13:38:52,257
696,Good,2017-05-11 06:22:05,828
697,Good,2010-05-30 09:18:25,24
698,Good,2018-03-23 05:57:40,875
699,Good,2001-07-07 00:53:58,727
700,Good,2023-05-04 21:34:35,863
701,Good,,724
702,Good,2017-12-24 00:23:12,542
703,Good,2007-11-11 23:20:57,117
704,Good,2024-04-21 16:35:33,127
705,Good,2008-07-05 05:57:34,618
706,Good,2020-12-10 03:59:11,431
707,Good,2000-08-26 22:02:44,512
708,Good,2005-10-19 03:19:01,974
709,Good,2013-04-19 15:30:11,982
710,Good,2010-05-11 03:44:05,826
711,Good,2001-05-20 20:11:09,763
712,Good,2011-04-20 08:47:15,990
713,Good,2010-02-07 23:19:27,892
714,Good,2014-05-04 20:58:24,401
715,Good,2022-07-08 04:20:33,443
716,Good,,634
717,Good,2022-02-12 22:33:36,857
718,Good,2005-10-07 04:14:54,953
719,Good,2013-10-01 02:08:28,674
720,Good,2023-10-18 13:02:34,741
721,Good,2003-04-13 02:19:26,310
722,Needs Maintenance,2010-01-17 02:42:05,830
723,Good,2020-12-21 23:45:57,333
724,Good,2006-11-23 15:24:15,231
725,Good,2009-05-05 22:37:03,608
726,Good,2010-04-08 16:26:26,67
727,Good,2002-12-10 15:10:00,629
728,Good,1998-10-09 03:33:42,25
729,Good,2007-11-23 02:00:32,467
730,Good,1998-06-14 06:37:44,411
731,Good,2000-05-18 13:01:48,732
732,Good,2015-10-25 00:44:00,35
733,Good,2017-09-17 11:40:37,202
734,Good,1999-07-22 06:56:02,570
735,Good,2003-04-24 05:25:15,357
736,Good,2019-02-03 06:31:48,274
737,Good,2013-05-22 05:07:32,427
738,Good,2000-08-24 20:55:41,77
739,Good,2001-04-25 23:14:27,851
740,Good,2002-03-28 11:05:47,800
741,Good,1998-10-07 13:06:44,458
742,Good,2022-03-27 06:23:32,438
743,Good,2016-10-10 20:40:57,798
744,Good,1998-07-05 01:08:32,883
745,Good,2022-02-14 01:09:34,351
746,Good,2009-08-04 01:06:28,909
747,Good,,508
748,Good,2004-10-30 10:59:56,722
749,Good,1999-04-19 18:52:42,140
750,Good,2018-07-25 16:16:44,500
751,Good,2003-08-18 12:46:30,582
752,Good,2009-08-24 23:25:13,487
753,Good,2010-02-10 01:42:55,330
754,Good,2010-06-25 15:08:18,453
755,Good,2009-04-06 23:39:30,858
756,Good,2003-03-04 01:13:05,359
757,Good,2018-08-25 19:19:51,813
758,Good,2001-12-27 03:17:43,283
759,Good,2001-06-30 23:05:51,800
760,Good,2016-02-19 22:42:24,564
761,Good,2020-06-08 20:59:42,97
762,Good,2007-06-09 14:52:30,691
763,Good,2021-09-04 21:31:18,569
764,Good,2009-03-11 11:50:53,836
765,Good,2001-04-13 13:17:28,34
766,Good,2012-05-26 16:55:00,180
767,Good,2007-01-21 00:50:33,809
768,Good,2007-02-18 00:58:39,338
769,Good,2000-05-03 12:33:44,75
770,Good,2020-01-03 19:10:43,683
771,Good,2016-07-28 16:06:24,468
772,Good,2017-07-08 21:31:10,900
773,Good,2014-09-27 08:37:26,868
774,Good,2024-04-28 09:46:25,985
775,Good,2004-03-15 10:20:22,518
776,Good,2021-02-22 23:35:50,901
777,Good,2024-06-09 20:49:25,856
778,Good,1997-07-30 23:19:41,464
779,Good,2017-04-21 13:07:19,153
780,Good,2008-10-10 23:44:53,589
781,Good,2008-07-22 17:50:11,180
782,Good,2023-01-20 21:41:09,602
783,Good,2019-04-17 06:36:15,915
784,Good,2003-04-09 00:10:38,477
785,Good,2003-11-28 21:19:16,71
786,Good,2022-03-18 05:03:30,946
787,Good,2023-06-08 04:06:35,955
788,Good,1998-12-18 08:32:28,127
789,Good,2017-10-24 20:44:46,96
790,Good,2006-04-09 10:08:31,168
791,Good,,228
792,Good,2009-01-16 03:36:34,882
793,Good,2022-03-02 14:29:08,297
794,Good,2014-06-08 18:03:06,773
795,Good,2010-05-22 08:05:31,212
796,Good,2008-03-19 21:24:57,744
797,Good,2017-01-26 14:45:33,206
798,Good,2015-10-08 20:31:31,159
799,Good,2017-12-06 18:50:07,946
800,Good,2024-01-12 01:22:00,89
801,Good,2013-07-30 08:24:32,262
802,Good,2018-11-21 03:53:12,373
803,Good,2020-06-07 07:46:10,316
804,Good,2000-06-23 23:09:00,886
805,Good,2021-06-22 11:45:41,918
806,Good,2008-11-12 09:30:25,843
807,Good,1999-12-04 06:22:45,264
808,Good,1997-07-28 20:45:20,966
809,Good,2007-05-16 11:59:53,346
810,Good,2008-06-08 20:40:17,633
811,Good,2017-04-11 09:17:38,284
812,Good,2010-08-30 05:15:19,538
813,Good,2018-04-11 21:49:58,484
814,Good,2018-07-25 23:18:57,636
815,Good,2021-08-04 06:54:58,933
816,Good,2002-04-28 09:37:47,866
817,Good,2005-10-18 03:03:54,977
818,Good,2007-07-31 21:38:09,877
819,Needs Maintenance,2000-06-10 22:44:56,930
820,Good,2012-10-06 11:17:11,129
821,Good,2010-11-15 12:09:40,114
822,Good,2022-01-19 09:21:15,675
823,Good,2009-11-23 16:46:15,391
824,Good,2001-07-09 22:15:39,962
825,Good,2020-03-13 15:49:08,639
826,Good,2016-04-08 21:23:39,403
827,Good,1999-09-11 17:17:18,987
828,Good,2018-08-12 02:34:39,12
829,Good,2014-07-22 09:41:05,136
830,Good,2013-04-07 16:47:14,84
831,Good,2010-01-03 22:27:32,427
832,Good,2014-12-29 11:11:25,978
833,Good,2002-04-17 12:23:56,183
834,Good,2023-11-11 15:34:27,742
835,Good,1997-10-08 00:44:39,812
836,Good,2005-07-25 01:05:21,188
837,Good,2023-05-13 15:13:02,127
838,Good,,36
839,Good,2013-03-18 03:59:44,617
840,Good,2021-11-26 07:11:32,622
841,Good,2000-12-02 21:56:41,648
842,Good,2003-06-22 02:13:53,820
843,Good,2005-02-25 05:46:46,572
844,Good,2021-09-19 14:23:04,784
845,Good,2020-03-14 07:27:24,147
846,Good,2018-08-22 14:00:56,582
847,Needs Maintenance,2014-02-14 03:13:15,310
848,Good,2007-09-12 17:05:59,978
849,Good,2024-05-21 15:53:58,340
850,Good,2022-02-06 00:46:09,104
851,Good,2010-04-18 09:05:32,323
852,Good,2010-05-18 12:23:37,616
853,Good,2005-04-30 19:33:29,888
854,Good,2014-09-15 07:39:08,334
855,Good,2013-06-16 04:47:49,303
856,Good,2022-10-10 17:30:31,745
857,Good,,786
858,Good,2021-07-17 19:23:03,287
859,Needs Maintenance,2018-08-21 02:18:19,680
860,Good,2015-09-03 00:31:54,379
861,Good,2021-12-03 21:49:32,638
862,Good,1997-10-31 23:16:51,853
863,Good,2011-05-23 10:03:44,168
864,Good,2017-07-13 01:48:32,233
865,Good,2020-05-10 07:07:42,843
866,Good,2002-04-01 06:19:17,859
867,Good,2010-06-17 11:25:15,483
868,Good,2006-02-07 11:29:24,637
869,Good,1999-10-24 21:56:55,162
870,Good,2021-07-31 05:44:18,937
871,Good,1997-11-06 10:16:51,584
872,Good,2018-05-16 19:02:55,910
873,Good,2007-06-04 04:11:21,925
874,Good,2005-07-23 21:15:52,93
875,Good,2004-09-19 09:45:48,517
876,Needs Maintenance,2006-01-27 06:09:45,878
877,Good,2009-11-05 09:46:53,318
878,Good,2009-12-22 21:08:57,604
879,Good,2004-03-20 11:16:36,762
880,Good,2003-12-25 18:18:18,756
881,Good,2006-11-29 16:05:12,251
882,Good,2015-01-03 17:07:41,691
883,Good,2005-01-09 05:21:22,83
884,Good,2023-02-06 13:50:23,519
885,Good,2022-03-09 12:32:49,993
886,Good,2004-03-17 22:44:33,664
887,Good,2020-01-25 02:18:07,519
888,Good,2001-03-30 06:23:09,876
889,Good,2010-03-10 13:28:48,73
890,Good,2004-08-01 16:21:50,224
891,Good,2017-04-13 20:03:52,656
892,Needs Maintenance,2013-02-23 03:13:03,588
893,Good,2019-11-24 10:57:00,956
894,Good,2017-01-01 10:43:39,770
895,Good,2001-12-02 11:26:58,571
896,Good,2005-05-07 01:53:55,324
897,Good,2010-03-14 22:53:15,255
898,Good,2007-04-27 22:27:50,657
899,Good,2004-05-17 08:28:08,688
900,Good,2000-07-22 19:37:48,700
901,Good,2000-06-18 02:08:56,441
902,Needs Maintenance,2009-08-12 00:13:02,309
903,Good,2002-07-31 03:17:02,679
904,Good,2008-12-02 17:14:36,909
905,Good,2016-03-20 18:54:11,759
906,Good,2003-05-19 23:40:14,249
907,Good,1999-05-26 03:52:56,183
908,Good,,152
909,Good,2015-05-21 08:13:47,672
910,Good,2004-02-01 04:46:37,295
911,Good,2001-06-12 04:32:19,885
912,Good,1999-07-01 07:53:28,993
913,Good,2022-11-11 11:31:57,371
914,Needs Maintenance,2006-06-16 05:09:45,383
915,Good,2015-11-08 09:51:26,961
916,Good,2022-03-11 05:27:58,955
917,Good,2014-10-04 08:01:21,850
918,Good,2010-03-21 14:58:25,541
919,Good,2003-06-23 10:12:25,133
920,Needs Maintenance,2021-12-08 05:44:22,791
921,Good,2003-12-19 05:41:47,762
922,Good,2014-08-30 00:23:07,74
923,Good,2011-10-22 03:46:04,576
924,Good,2013-03-06 22:14:41,236
925,Good,2015-08-08 19:11:03,329
926,Good,,716
927,Good,2018-12-11 07:40:58,495
928,Good,1997-11-11 13:32:21,987
929,Good,2008-02-27 15:01:13,928
930,Good,2005-04-18 14:22:22,518
931,Good,2008-09-15 08:55:02,495
932,Good,2002-04-26 11:03:03,313
933,Good,2007-11-14 11:26:10,992
934,Good,2008-09-21 19:51:09,82
935,Good,2015-04-29 11:09:36,581
936,Good,2008-06-22 21:52:12,749
937,Good,2007-11-01 22:02:00,226
938,Needs Maintenance,2019-11-06 02:01:18,160
939,Good,2012-07-13 01:40:48,194
940,Good,2003-07-06 21:32:59,778
941,Needs Maintenance,2000-10-21 00:17:56,38
942,Good,2015-10-21 15:46:13,995
943,Good,2010-08-20 15:17:13,532
944,Good,2017-10-01 08:05:34,396
945,Good,2008-07-17 11:50:33,346
946,Good,2008-04-28 13:13:59,179
947,Good,2024-07-04 17:24:01,8
948,Needs Maintenance,2006-07-06 03:20:13,261
949,Good,2001-09-08 20:09:56,488
950,Good,1998-03-20 04:04:58,792
951,Good,2018-01-20 03:48:10,759
952,Good,2019-04-01 02:20:48,726
953,Good,2010-12-17 17:48:47,148
954,Good,1999-11-28 16:29:40,131
955,Good,2020-09-10 11:37:18,574
956,Good,,514
957,Good,2020-01-07 22:59:46,10
958,Good,2022-07-28 14:10:48,900
959,Good,1999-09-27 10:48:51,366
960,Good,2009-12-19 00:20:31,43
961,Needs Maintenance,2021-07-23 11:58:13,805
962,Good,2020-05-27 08:20:17,649
963,Good,2005-11-27 04:26:10,881
964,Good,2003-04-19 17:32:23,874
965,Good,2004-04-03 23:41:14,201
966,Good,2010-04-19 02:34:13,850
967,Good,2007-04-01 18:13:22,377
968,Good,2003-07-05 12:09:52,600
969,Good,2010-12-09 01:07:16,491
970,Good,2008-08-23 04:33:04,405
971,Good,2009-01-06 17:19:25,122
972,Good,2023-09-19 05:30:08,768
973,Good,2018-11-18 23:14:06,284
974,Good,2010-09-27 20:38:14,547
975,Good,2011-07-27 14:03:42,611
976,Good,,354
977,Good,1997-11-22 02:13:13,492
978,Good,2019-08-15 01:55:24,751
979,Good,2012-10-01 05:04:26,814
980,Good,1997-08-07 07:48:42,289
981,Good,2022-07-14 09:36:36,413
982,Good,2014-07-28 14:16:55,287
983,Good,2012-09-11 03:41:38,311
984,Good,2014-02-11 03:50:31,454
985,Good,2018-11-12 19:48:15,714
986,Good,,245
987,Good,1999-11-01 23:55:35,177
988,Good,2010-08-07 20:00:49,28
989,Good,2018-04-19 09:01:18,486
990,Good,2010-08-16 10:50:21,231
991,Good,2015-09-11 14:03:45,123
992,Good,2003-02-24 13:53:19,416
993,Good,2012-12-06 15:39:26,960
994,Good,2007-07-02 14:34:16,547
995,Good,2013-01-02 16:17:22,739
996,Good,2019-07-22 11:20:45,620
997,Good,2003-01-28 14:10:30,216
998,Good,2006-04-04 12:56:10,148
999,Good,1999-10-09 14:16:10,202
1000,Good,2017-02-26 13:22:09,31
