1,Sewer,2005-06-22 18:58:48,2005-06-23 01:12:47,Completed,201
2,Electricity,2001-06-22 19:01:15,2001-06-22 21:24:52,Completed,539
3,Traffic Light,2004-06-11 08:02:25,2004-06-11 17:20:59,Completed,756
4,Pipeline,2023-05-06 21:46:21,2023-05-07 03:09:01,Completed,766
5,Pipeline,2018-04-25 13:51:34,2018-04-25 16:01:17,Completed,795
6,Sewer,2016-08-29 16:56:24,2016-08-29 21:26:35,Completed,316
7,Pipeline,2008-03-17 08:24:17,2008-03-17 12:28:14,Completed,25
8,Powerline,2020-01-16 07:40:34,2020-01-16 17:05:02,Completed,190
9,Electricity,2013-12-06 06:12:52,2013-12-06 08:20:08,Completed,871
10,Sewer,2019-12-12 03:08:28,2019-12-12 04:14:17,Completed,818
11,Sewer,2009-07-30 00:54:28,2009-07-30 07:06:59,Completed,299
12,Pipeline,2017-04-27 17:14:55,2017-04-28 02:42:02,Completed,220
13,Traffic Light,2007-08-10 12:35:28,2007-08-10 19:53:06,Completed,197
14,Electricity,2008-02-19 19:44:34,2008-02-19 21:07:01,Completed,625
15,Traffic Light,2018-12-09 12:57:43,2018-12-09 21:26:21,Completed,19
16,Powerline,2004-05-12 02:17:05,2004-05-12 12:45:33,Completed,822
17,Pipeline,2007-01-09 10:45:34,2007-01-09 20:56:50,Completed,338
18,Traffic Light,2014-06-06 03:42:37,2014-06-06 08:47:03,Completed,576
19,Electricity,2011-04-25 01:51:12,2011-04-25 03:52:49,Completed,802
20,Traffic Light,2004-11-22 13:33:30,2004-11-22 23:48:29,Completed,488
21,Road Construction,2002-08-19 11:30:52,,In Progress,304
22,Electricity,2015-08-31 12:20:00,2015-08-31 22:33:09,Completed,651
23,Traffic Light,2006-11-26 08:38:58,2006-11-26 13:49:23,Completed,12
24,Sewer,2004-02-03 20:22:18,,In Progress,91
25,Sewer,2007-03-26 04:19:04,2007-03-26 06:20:20,Completed,355
26,Pipeline,2007-12-14 04:33:56,2007-12-14 08:38:32,Completed,988
27,Traffic Light,1997-08-17 13:37:13,1997-08-17 23:40:47,Completed,846
28,Sewer,2013-02-15 03:58:29,2013-02-15 14:06:13,Completed,65
29,Road Construction,2005-12-14 17:43:14,2005-12-14 22:11:45,Completed,78
30,Electricity,1999-02-09 09:13:06,1999-02-09 12:35:39,Completed,521
31,Powerline,2012-12-18 22:16:04,2012-12-19 07:25:24,Completed,531
32,Traffic Light,2020-04-13 23:37:35,2020-04-14 02:50:39,Completed,197
33,Electricity,2001-02-18 02:52:29,2001-02-18 06:05:42,Completed,895
34,Pipeline,2020-04-16 11:18:40,2020-04-16 21:27:35,Completed,575
35,Pipeline,2004-10-28 20:29:25,2004-10-29 00:57:36,Completed,889
36,Powerline,2018-09-04 17:38:30,2018-09-04 21:57:47,Completed,177
37,Road Construction,2014-07-13 09:01:59,2014-07-13 16:21:44,Completed,842
38,Pipeline,2000-12-16 20:55:14,2000-12-17 02:59:31,Completed,89
39,Powerline,1998-04-11 20:30:57,1998-04-12 02:55:16,Completed,849
40,Sewer,1998-05-10 08:46:52,1998-05-10 11:11:06,Completed,673
41,Sewer,2022-07-04 14:20:38,2022-07-04 22:30:03,Completed,638
42,Road Construction,2013-01-22 19:55:43,2013-01-22 21:56:50,Completed,488
43,Powerline,2002-05-31 19:51:34,2002-06-01 01:01:48,Completed,129
44,Sewer,2002-09-14 13:56:24,2002-09-14 22:04:21,Completed,94
45,Powerline,2009-01-11 04:22:11,2009-01-11 10:39:42,Completed,923
46,Road Construction,1999-02-12 11:01:39,1999-02-12 17:31:57,Completed,476
47,Road Construction,2008-07-05 06:07:18,2008-07-05 15:25:35,Completed,22
48,Electricity,2024-05-03 04:47:15,2024-05-03 14:02:19,Completed,386
49,Electricity,2005-08-22 17:16:01,2005-08-23 01:18:27,Completed,963
50,Sewer,2000-01-19 16:58:28,2000-01-19 20:12:53,Completed,214
51,Pipeline,2001-02-01 16:18:20,2001-02-01 20:42:17,Completed,237
52,Sewer,2017-09-22 15:25:36,2017-09-22 16:33:06,Completed,8
53,Powerline,2008-02-06 05:18:29,2008-02-06 13:39:01,Completed,641
54,Powerline,2006-04-20 22:04:08,2006-04-21 01:21:37,Completed,711
55,Electricity,2024-01-14 09:06:17,2024-01-14 14:21:11,Completed,858
56,Powerline,2006-04-26 01:16:48,2006-04-26 10:43:21,Completed,776
57,Traffic Light,2009-09-15 18:19:14,2009-09-15 23:26:57,Completed,963
58,Traffic Light,2008-01-13 23:51:12,2008-01-14 05:56:55,Completed,179
59,Traffic Light,2018-08-18 13:18:41,2018-08-18 17:26:10,Completed,409
60,Electricity,2018-03-21 17:11:41,2018-03-21 20:27:59,Completed,112
61,Electricity,2021-09-26 15:28:12,2021-09-27 01:34:46,Completed,953
62,Powerline,2003-11-16 21:18:26,2003-11-17 07:48:23,Completed,879
63,Traffic Light,2003-05-05 19:14:41,2003-05-05 22:30:14,Completed,332
64,Powerline,2008-07-21 19:09:00,2008-07-22 05:31:17,Completed,978
65,Powerline,2003-06-28 07:34:39,2003-06-28 15:42:52,Completed,138
66,Pipeline,2022-07-22 06:08:05,2022-07-22 14:23:13,Completed,200
67,Powerline,1999-06-23 15:02:53,1999-06-23 17:32:54,Completed,502
68,Sewer,2005-12-05 06:40:32,2005-12-05 12:04:37,Completed,790
69,Pipeline,2020-03-13 08:58:33,2020-03-13 12:01:36,Completed,427
70,Pipeline,2019-03-16 10:26:36,2019-03-16 20:45:28,Completed,958
71,Pipeline,1997-10-17 21:40:47,1997-10-18 03:54:08,Completed,285
72,Electricity,2023-05-29 18:06:42,2023-05-29 20:24:44,Completed,515
73,Electricity,2023-06-25 12:29:25,2023-06-25 16:54:58,Completed,59
74,Sewer,2007-02-16 19:05:13,2007-02-16 22:18:00,Completed,649
75,Pipeline,2007-06-05 13:08:23,2007-06-05 16:37:57,Completed,386
76,Pipeline,1998-02-11 15:13:25,1998-02-12 01:35:23,Completed,584
77,Traffic Light,2012-07-05 23:47:32,2012-07-06 02:59:26,Completed,880
78,Electricity,2000-02-18 09:40:07,2000-02-18 12:07:04,Completed,202
79,Sewer,2003-03-11 10:58:42,2003-03-11 18:28:36,Completed,904
80,Electricity,2000-03-17 14:56:18,2000-03-17 20:12:30,Completed,232
81,Electricity,2000-05-31 12:09:38,2000-05-31 22:10:47,Completed,700
82,Powerline,2007-04-29 01:17:24,2007-04-29 02:24:31,Completed,670
83,Powerline,2014-01-08 12:52:04,2014-01-08 23:13:54,Completed,222
84,Powerline,2015-04-23 02:43:32,2015-04-23 04:03:53,Completed,936
85,Pipeline,2006-05-11 08:30:01,2006-05-11 19:00:07,Completed,35
86,Powerline,2008-11-03 17:54:32,2008-11-03 23:22:29,Completed,332
87,Sewer,2011-08-05 21:08:31,2011-08-06 01:28:48,Completed,854
88,Sewer,2012-03-19 11:32:31,2012-03-19 18:02:50,Completed,115
89,Pipeline,2023-07-26 21:49:49,2023-07-26 23:20:46,Completed,423
90,Pipeline,2001-07-04 12:24:20,2001-07-04 19:53:16,Completed,730
91,Powerline,2015-06-29 04:35:33,2015-06-29 05:54:16,Completed,245
92,Pipeline,2023-07-30 23:22:46,2023-07-31 04:47:45,Completed,936
93,Electricity,2021-11-21 09:38:27,2021-11-21 16:55:44,Completed,119
94,Pipeline,2022-09-09 16:59:34,2022-09-09 22:08:53,Completed,235
95,Powerline,2008-06-12 12:07:39,2008-06-12 20:37:31,Completed,515
96,Traffic Light,2018-09-22 23:09:51,,Not Started,692
97,Traffic Light,2018-05-23 21:37:10,2018-05-23 23:57:47,Completed,236
98,Sewer,2016-11-14 10:58:51,2016-11-14 14:15:37,Completed,433
99,Electricity,2016-07-03 08:00:56,,In Progress,621
100,Pipeline,1997-12-23 02:20:46,1997-12-23 07:39:08,Completed,244
101,Electricity,2005-10-12 18:45:56,2005-10-13 01:01:26,Completed,625
102,Pipeline,2003-03-15 21:31:27,2003-03-15 22:53:14,Completed,93
103,Sewer,2009-12-30 05:43:08,2009-12-30 09:08:15,Completed,454
104,Road Construction,2020-01-31 13:12:22,2020-01-31 18:18:54,Completed,66
105,Powerline,2007-06-21 04:57:28,2007-06-21 12:22:42,Completed,101
106,Electricity,2023-11-06 20:55:04,2023-11-07 00:15:11,Completed,568
107,Electricity,2017-05-24 19:18:03,2017-05-24 21:31:06,Completed,904
108,Sewer,2019-09-26 11:09:47,2019-09-26 15:39:28,Completed,168
109,Sewer,2003-12-16 05:02:18,2003-12-16 11:06:13,Completed,680
110,Pipeline,2004-08-22 18:36:26,2004-08-22 21:02:54,Completed,607
111,Traffic Light,2008-06-30 14:22:42,2008-06-30 22:51:36,Completed,140
112,Sewer,2008-09-15 14:39:25,2008-09-15 19:48:28,Completed,183
113,Electricity,2001-05-01 06:11:48,2001-05-01 07:13:56,Completed,170
114,Road Construction,2003-03-27 22:23:51,2003-03-28 04:39:28,Completed,913
115,Road Construction,2018-04-17 20:58:50,2018-04-18 07:02:00,Completed,34
116,Road Construction,2002-01-14 09:55:55,2002-01-14 20:02:48,Completed,975
117,Sewer,2016-07-25 22:46:59,2016-07-26 01:55:08,Completed,807
118,Electricity,2022-02-20 04:19:28,2022-02-20 05:22:45,Completed,123
119,Traffic Light,2002-07-26 00:35:21,2002-07-26 07:37:03,Completed,280
120,Traffic Light,2000-01-18 11:25:27,2000-01-18 16:40:59,Completed,190
121,Powerline,2000-04-07 04:25:03,2000-04-07 09:29:36,Completed,741
122,Electricity,2001-03-05 06:36:05,2001-03-05 09:48:39,Completed,774
123,Powerline,2020-09-29 01:14:30,2020-09-29 04:26:44,Completed,180
124,Traffic Light,2007-05-20 22:57:14,2007-05-21 07:13:47,Completed,366
125,Pipeline,2004-10-21 10:58:03,2004-10-21 12:24:00,Completed,757
126,Powerline,2022-03-05 14:17:39,,Not Started,916
127,Powerline,2020-07-23 10:38:42,2020-07-23 14:04:25,Completed,702
128,Traffic Light,2006-05-19 03:44:00,2006-05-19 11:46:22,Completed,691
129,Electricity,2011-03-10 20:22:56,2011-03-11 06:26:07,Completed,57
130,Powerline,2011-05-02 16:01:41,2011-05-03 01:16:37,Completed,920
131,Electricity,2017-10-13 01:47:26,2017-10-13 06:16:33,Completed,704
132,Sewer,2006-01-02 15:24:41,2006-01-02 18:28:47,Completed,867
133,Road Construction,2014-08-27 07:20:38,2014-08-27 12:47:12,Completed,737
134,Powerline,2018-04-26 09:42:34,2018-04-26 13:50:25,Completed,587
135,Powerline,2014-11-03 16:26:39,2014-11-03 19:35:32,Completed,302
136,Traffic Light,2017-03-09 23:52:45,2017-03-10 04:12:52,Completed,708
137,Powerline,2013-07-03 12:35:02,2013-07-03 20:00:10,Completed,770
138,Electricity,2013-03-10 19:00:48,2013-03-11 05:02:51,Completed,823
139,Sewer,2012-09-21 21:30:57,2012-09-22 07:54:50,Completed,62
140,Sewer,2016-06-22 05:42:47,2016-06-22 13:52:42,Completed,985
141,Road Construction,2020-05-23 11:25:48,2020-05-23 12:31:29,Completed,211
142,Road Construction,2012-06-11 15:27:50,2012-06-11 17:30:59,Completed,540
143,Sewer,2012-10-13 09:53:15,,Not Started,960
144,Pipeline,2015-12-04 00:31:53,2015-12-04 02:47:31,Completed,931
145,Traffic Light,2018-05-28 00:06:43,2018-05-28 04:31:10,Completed,299
146,Powerline,2005-07-26 01:23:07,2005-07-26 04:45:15,Completed,372
147,Electricity,2022-03-30 17:25:04,2022-03-30 18:31:03,Completed,508
148,Pipeline,2009-01-19 00:44:18,2009-01-19 02:01:53,Completed,794
149,Road Construction,2003-10-01 00:37:02,2003-10-01 09:57:06,Completed,961
150,Sewer,2006-11-28 03:50:49,2006-11-28 06:00:22,Completed,50
151,Pipeline,2004-03-17 23:36:25,2004-03-18 08:46:07,Completed,568
152,Sewer,2016-12-06 17:56:29,2016-12-06 19:25:22,Completed,524
153,Traffic Light,2019-04-25 20:19:55,2019-04-26 06:48:50,Completed,957
154,Road Construction,2002-02-05 20:13:32,2002-02-06 02:15:53,Completed,748
155,Powerline,2019-10-26 21:08:55,2019-10-27 03:10:52,Completed,397
156,Electricity,2019-03-27 23:59:35,,In Progress,679
157,Pipeline,2019-01-18 11:19:46,2019-01-18 17:38:07,Completed,743
158,Sewer,2004-03-02 10:51:57,2004-03-02 16:01:29,Completed,987
159,Traffic Light,2017-04-26 09:42:49,2017-04-26 17:50:26,Completed,568
160,Pipeline,2012-12-11 06:50:29,,In Progress,105
161,Traffic Light,2014-04-24 01:39:30,,In Progress,491
162,Traffic Light,2017-06-10 21:31:49,2017-06-11 05:43:47,Completed,190
163,Traffic Light,2023-10-31 16:06:05,2023-11-01 01:10:49,Completed,523
164,Pipeline,2011-10-15 19:56:56,2011-10-16 06:23:15,Completed,666
165,Electricity,2016-10-27 05:19:20,2016-10-27 13:32:54,Completed,920
166,Powerline,2002-03-06 20:29:52,2002-03-07 05:32:12,Completed,218
167,Traffic Light,2014-03-23 10:17:15,2014-03-23 11:46:39,Completed,414
168,Electricity,1998-06-21 05:14:32,1998-06-21 08:33:25,Completed,421
169,Electricity,2011-09-25 03:07:21,2011-09-25 12:30:20,Completed,358
170,Sewer,2008-11-20 22:54:31,2008-11-21 06:09:08,Completed,816
171,Electricity,2022-08-15 11:25:54,2022-08-15 14:30:34,Completed,749
172,Sewer,2002-03-01 08:05:03,2002-03-01 11:16:36,Completed,816
173,Electricity,2000-03-04 16:48:01,2000-03-04 19:50:18,Completed,107
174,Electricity,2007-01-27 02:26:55,2007-01-27 03:33:51,Completed,572
175,Road Construction,2016-09-24 07:28:40,2016-09-24 15:57:48,Completed,126
176,Road Construction,2002-01-13 03:17:16,2002-01-13 09:19:24,Completed,634
177,Road Construction,2022-05-22 19:07:18,2022-05-23 00:22:23,Completed,282
178,Electricity,2019-10-10 07:39:15,2019-10-10 14:51:40,Completed,503
179,Electricity,2001-06-22 23:57:30,2001-06-23 06:17:58,Completed,686
180,Traffic Light,2011-10-20 08:38:36,2011-10-20 16:57:16,Completed,598
181,Powerline,2016-05-02 19:32:15,2016-05-02 23:35:23,Completed,606
182,Powerline,2006-01-11 22:30:46,2006-01-12 03:45:34,Completed,381
183,Electricity,2021-04-04 21:57:54,2021-04-05 00:16:18,Completed,29
184,Electricity,1998-08-31 10:06:32,1998-08-31 20:32:08,Completed,485
185,Pipeline,2011-03-16 03:15:06,2011-03-16 07:19:15,Completed,982
186,Electricity,2013-11-20 17:56:18,2013-11-21 03:22:17,Completed,843
187,Sewer,2022-10-28 01:26:31,2022-10-28 07:28:19,Completed,252
188,Electricity,2014-02-06 08:17:37,2014-02-06 11:42:35,Completed,163
189,Road Construction,2008-12-16 23:12:08,2008-12-17 09:16:05,Completed,264
190,Traffic Light,2017-01-01 03:04:56,2017-01-01 10:31:37,Completed,107
191,Traffic Light,2000-01-06 04:38:05,,In Progress,61
192,Traffic Light,2017-08-21 01:45:45,2017-08-21 05:03:07,Completed,159
193,Traffic Light,2014-04-05 09:13:05,2014-04-05 19:32:22,Completed,344
194,Electricity,2020-06-30 21:57:22,2020-07-01 00:08:13,Completed,756
195,Electricity,2017-02-16 09:10:18,2017-02-16 13:35:10,Completed,544
196,Pipeline,2011-04-19 23:14:33,2011-04-20 05:28:58,Completed,801
197,Pipeline,2021-01-02 09:32:19,2021-01-02 18:02:10,Completed,136
198,Pipeline,2023-08-12 12:24:46,2023-08-12 20:41:25,Completed,421
199,Road Construction,1997-12-05 22:42:55,1997-12-06 03:47:56,Completed,259
200,Pipeline,1997-10-21 12:23:57,1997-10-21 19:52:15,Completed,172
201,Powerline,2024-05-26 05:07:38,,In Progress,499
202,Road Construction,2019-11-10 13:37:15,,Not Started,151
203,Traffic Light,2000-04-04 01:50:30,,Not Started,895
204,Powerline,2023-01-14 17:07:52,2023-01-14 23:28:00,Completed,212
205,Road Construction,2001-03-07 22:45:35,2001-03-08 02:05:48,Completed,133
206,Traffic Light,2004-05-31 00:52:03,2004-05-31 09:08:52,Completed,748
207,Electricity,2005-08-12 02:48:07,2005-08-12 13:00:31,Completed,909
208,Road Construction,2016-05-12 18:26:12,2016-05-12 23:51:47,Completed,607
209,Powerline,2003-04-19 18:16:44,2003-04-20 04:30:46,Completed,361
210,Electricity,2014-12-25 02:30:21,2014-12-25 05:59:28,Completed,369
211,Traffic Light,2014-02-04 10:23:57,2014-02-04 19:45:49,Completed,873
212,Road Construction,2003-05-18 14:11:55,,In Progress,708
213,Road Construction,1999-06-15 22:48:14,1999-06-15 23:55:56,Completed,811
214,Road Construction,1999-04-23 15:29:50,1999-04-24 01:59:43,Completed,298
215,Pipeline,2018-12-18 02:24:28,2018-12-18 10:40:47,Completed,326
216,Road Construction,2002-02-28 17:28:55,,In Progress,343
217,Powerline,2012-06-14 16:00:11,2012-06-15 01:24:41,Completed,515
218,Sewer,2013-10-14 02:11:08,2013-10-14 06:17:25,Completed,830
219,Road Construction,2017-07-30 03:59:24,2017-07-30 12:28:31,Completed,47
220,Powerline,2015-01-09 15:51:06,2015-01-09 17:53:57,Completed,110
221,Electricity,1997-09-13 01:52:18,1997-09-13 07:14:16,Completed,748
222,Traffic Light,2021-11-19 08:10:37,2021-11-19 11:20:38,Completed,727
223,Sewer,2018-05-20 02:18:40,,Not Started,424
224,Traffic Light,2000-12-12 05:26:52,,In Progress,105
225,Traffic Light,2020-04-13 12:25:57,2020-04-13 14:31:11,Completed,763
226,Sewer,2004-11-07 06:09:59,2004-11-07 11:25:54,Completed,847
227,Electricity,2011-07-23 14:33:36,,Not Started,565
228,Traffic Light,2000-02-20 00:06:20,2000-02-20 10:09:16,Completed,667
229,Sewer,2023-01-14 03:11:42,2023-01-14 09:17:10,Completed,493
230,Road Construction,2007-06-20 12:45:17,2007-06-20 15:06:14,Completed,500
231,Powerline,2006-01-05 14:37:40,2006-01-06 00:40:37,Completed,983
232,Traffic Light,2012-11-04 08:55:08,2012-11-04 11:07:37,Completed,172
233,Pipeline,2013-10-31 01:48:17,2013-10-31 04:13:44,Completed,807
234,Road Construction,2004-05-18 12:33:58,2004-05-18 17:04:55,Completed,700
235,Pipeline,2016-06-28 08:47:05,2016-06-28 13:53:00,Completed,219
236,Powerline,2019-06-10 11:17:52,2019-06-10 14:27:48,Completed,469
237,Pipeline,2016-06-05 13:17:36,2016-06-05 20:35:19,Completed,889
238,Electricity,2000-10-28 03:27:35,2000-10-28 10:43:18,Completed,509
239,Pipeline,2017-04-10 10:23:37,2017-04-10 19:26:31,Completed,249
240,Electricity,2006-07-30 17:27:34,2006-07-31 01:49:50,Completed,360
241,Road Construction,2005-05-25 14:08:09,2005-05-25 22:25:55,Completed,349
242,Powerline,2006-06-28 12:05:11,2006-06-28 13:10:38,Completed,39
243,Pipeline,2008-10-12 19:12:01,2008-10-12 20:34:05,Completed,723
244,Sewer,2008-12-10 02:22:56,2008-12-10 06:30:05,Completed,327
245,Pipeline,2003-09-28 12:44:10,2003-09-28 14:48:56,Completed,34
246,Road Construction,2022-05-31 10:46:10,2022-05-31 15:15:41,Completed,562
247,Electricity,2013-04-21 19:59:23,2013-04-22 03:10:09,Completed,927
248,Electricity,2023-03-09 06:24:04,2023-03-09 13:32:54,Completed,908
249,Sewer,2008-04-12 06:50:21,2008-04-12 14:08:12,Completed,490
250,Traffic Light,2016-02-29 09:10:13,2016-02-29 10:20:40,Completed,153
251,Electricity,2002-04-23 12:14:18,2002-04-23 21:24:47,Completed,139
252,Traffic Light,2022-01-26 14:13:59,2022-01-26 18:25:09,Completed,102
253,Electricity,2020-03-26 11:19:15,2020-03-26 19:42:29,Completed,132
254,Traffic Light,1998-05-27 04:02:48,1998-05-27 06:11:42,Completed,138
255,Traffic Light,2005-10-12 02:34:00,2005-10-12 06:50:14,Completed,909
256,Electricity,2018-04-09 08:38:21,2018-04-09 18:43:36,Completed,78
257,Sewer,2023-08-22 06:12:57,2023-08-22 13:15:06,Completed,154
258,Electricity,2012-07-21 20:03:40,2012-07-22 01:25:39,Completed,933
259,Pipeline,2014-01-03 20:25:34,2014-01-04 00:37:49,Completed,220
260,Powerline,2008-11-15 17:29:57,2008-11-16 02:36:40,Completed,717
261,Powerline,2013-11-21 01:31:54,2013-11-21 11:48:08,Completed,990
262,Sewer,2002-08-05 12:39:21,2002-08-05 23:01:20,Completed,874
263,Powerline,2024-03-07 10:19:05,2024-03-07 12:38:21,Completed,5
264,Pipeline,1999-09-02 18:17:28,1999-09-02 20:23:24,Completed,410
265,Powerline,2012-08-11 09:22:54,2012-08-11 17:41:02,Completed,767
266,Pipeline,2020-05-17 15:18:51,2020-05-18 00:34:59,Completed,81
267,Sewer,1999-09-19 04:21:52,1999-09-19 12:46:05,Completed,440
268,Powerline,2016-03-10 17:21:25,2016-03-11 03:22:36,Completed,591
269,Powerline,2012-11-08 05:42:50,2012-11-08 16:00:57,Completed,291
270,Sewer,2009-03-28 04:36:12,2009-03-28 07:00:36,Completed,190
271,Electricity,1999-08-18 01:20:03,1999-08-18 02:50:57,Completed,977
272,Powerline,2002-04-30 11:34:44,2002-04-30 15:38:15,Completed,514
273,Traffic Light,2022-07-29 19:31:19,,In Progress,610
274,Pipeline,1999-10-08 03:33:22,1999-10-08 09:03:31,Completed,417
275,Sewer,2018-05-21 17:41:30,2018-05-21 21:04:50,Completed,664
276,Electricity,2004-02-20 05:33:38,2004-02-20 09:43:47,Completed,596
277,Traffic Light,2019-01-17 17:34:10,2019-01-17 21:36:32,Completed,465
278,Powerline,2023-02-12 13:21:18,2023-02-12 21:48:44,Completed,472
279,Traffic Light,2004-06-06 00:37:28,2004-06-06 08:55:11,Completed,395
280,Pipeline,2008-09-16 08:33:41,,In Progress,961
281,Powerline,2005-05-17 08:48:21,2005-05-17 10:58:13,Completed,347
282,Pipeline,2017-08-16 20:06:25,2017-08-17 05:08:14,Completed,291
283,Electricity,1998-01-12 19:52:59,1998-01-13 04:16:48,Completed,679
284,Road Construction,2011-03-05 22:47:29,2011-03-06 02:05:34,Completed,346
285,Traffic Light,2004-08-01 22:52:35,2004-08-02 04:59:19,Completed,380
286,Traffic Light,2016-12-10 23:46:51,2016-12-11 04:02:35,Completed,879
287,Road Construction,2016-05-19 05:59:15,2016-05-19 10:05:04,Completed,709
288,Road Construction,2017-12-04 12:27:00,2017-12-04 19:31:48,Completed,613
289,Pipeline,2006-05-19 07:23:09,2006-05-19 08:43:10,Completed,334
290,Electricity,2023-12-19 04:20:36,2023-12-19 06:37:04,Completed,807
291,Powerline,2023-10-16 10:00:30,2023-10-16 16:11:04,Completed,738
292,Electricity,2022-04-27 11:19:25,2022-04-27 13:23:36,Completed,280
293,Traffic Light,2000-10-02 14:30:01,2000-10-02 20:45:36,Completed,949
294,Sewer,2004-03-28 23:47:15,2004-03-29 09:09:23,Completed,776
295,Road Construction,2002-03-27 21:52:01,2002-03-28 04:18:58,Completed,246
296,Pipeline,2016-12-04 10:21:36,,Not Started,354
297,Pipeline,2013-06-24 11:00:01,2013-06-24 18:18:26,Completed,92
298,Electricity,2010-02-01 10:01:33,2010-02-01 12:23:52,Completed,85
299,Road Construction,1999-11-27 08:36:02,1999-11-27 10:45:56,Completed,862
300,Electricity,2008-05-09 02:04:27,2008-05-09 05:09:18,Completed,811
301,Sewer,2019-07-09 04:11:15,2019-07-09 11:38:17,Completed,753
302,Sewer,2004-07-02 02:43:44,2004-07-02 04:01:45,Completed,14
303,Road Construction,2018-04-01 02:39:42,2018-04-01 06:58:21,Completed,669
304,Traffic Light,2016-04-30 00:31:33,2016-04-30 09:37:12,Completed,965
305,Pipeline,1998-11-08 02:20:58,1998-11-08 06:40:30,Completed,527
306,Road Construction,2005-08-26 19:16:39,2005-08-27 00:38:38,Completed,461
307,Traffic Light,2022-01-13 12:29:45,2022-01-13 16:55:05,Completed,135
308,Powerline,2004-07-14 19:39:23,2004-07-15 02:53:26,Completed,248
309,Powerline,2007-03-22 00:29:17,2007-03-22 06:48:52,Completed,266
310,Electricity,2006-11-16 19:19:52,2006-11-17 04:40:23,Completed,315
311,Electricity,2016-10-17 12:26:50,2016-10-17 17:40:57,Completed,100
312,Electricity,2005-02-24 20:33:54,2005-02-24 21:44:44,Completed,293
313,Powerline,1999-06-05 21:32:47,1999-06-05 22:48:25,Completed,349
314,Pipeline,1999-12-26 01:43:51,1999-12-26 11:56:29,Completed,751
315,Powerline,2017-02-24 11:15:32,2017-02-24 15:34:14,Completed,576
316,Electricity,2016-01-08 09:06:19,2016-01-08 15:10:25,Completed,625
317,Sewer,2002-11-11 06:31:20,2002-11-11 14:37:25,Completed,138
318,Sewer,2022-08-21 18:59:25,2022-08-21 22:20:41,Completed,829
319,Powerline,2007-01-27 03:09:40,2007-01-27 13:20:44,Completed,467
320,Sewer,2001-12-15 15:29:54,,Not Started,796
321,Sewer,2009-01-14 01:36:34,2009-01-14 07:40:51,Completed,33
322,Powerline,2012-12-19 18:23:16,2012-12-20 00:31:45,Completed,900
323,Traffic Light,2001-08-23 18:15:06,2001-08-23 22:19:46,Completed,841
324,Pipeline,2023-06-18 02:42:31,2023-06-18 04:08:21,Completed,910
325,Pipeline,2008-06-07 20:51:45,2008-06-08 03:11:29,Completed,187
326,Traffic Light,2013-11-30 12:54:52,2013-11-30 23:04:25,Completed,248
327,Traffic Light,2003-02-01 09:51:47,2003-02-01 12:54:46,Completed,491
328,Traffic Light,2000-03-11 01:10:03,2000-03-11 07:15:13,Completed,624
329,Electricity,2018-02-01 08:10:57,2018-02-01 17:40:22,Completed,154
330,Powerline,2007-01-18 12:52:55,2007-01-18 16:55:41,Completed,186
331,Powerline,2007-09-30 05:15:38,2007-09-30 14:27:05,Completed,10
332,Road Construction,2016-12-04 09:36:23,2016-12-04 14:49:32,Completed,811
333,Electricity,1998-01-01 05:59:11,1998-01-01 09:08:55,Completed,279
334,Pipeline,2002-12-29 01:05:14,2002-12-29 04:10:02,Completed,735
335,Powerline,1997-10-25 07:32:44,1997-10-25 15:45:37,Completed,55
336,Electricity,2010-09-24 15:36:47,2010-09-24 21:59:40,Completed,195
337,Powerline,2014-05-21 12:39:25,2014-05-21 19:54:02,Completed,524
338,Electricity,2016-09-10 11:26:51,2016-09-10 17:44:49,Completed,966
339,Electricity,2010-02-21 16:34:27,2010-02-22 00:57:58,Completed,201
340,Road Construction,2017-07-23 08:04:39,2017-07-23 18:33:14,Completed,783
341,Powerline,2012-04-27 07:05:10,2012-04-27 13:27:04,Completed,805
342,Traffic Light,2020-06-19 13:03:06,,Not Started,943
343,Traffic Light,2002-08-19 11:00:32,2002-08-19 17:18:46,Completed,340
344,Electricity,2009-03-22 18:05:53,2009-03-23 02:23:41,Completed,613
345,Pipeline,2006-01-19 12:50:36,,Not Started,153
346,Pipeline,2001-11-14 21:31:42,2001-11-15 05:46:17,Completed,667
347,Sewer,2004-12-28 00:37:53,2004-12-28 10:06:50,Completed,510
348,Powerline,2003-04-04 13:33:12,2003-04-04 22:51:05,Completed,683
349,Pipeline,2002-09-06 05:27:19,2002-09-06 14:31:13,Completed,691
350,Road Construction,2015-03-16 13:18:57,2015-03-16 20:24:05,Completed,341
351,Sewer,2016-09-21 23:13:44,2016-09-22 04:17:20,Completed,563
352,Road Construction,2001-10-25 13:54:33,,Not Started,565
353,Road Construction,2018-10-28 08:32:38,2018-10-28 16:40:44,Completed,218
354,Pipeline,2011-05-05 17:05:34,2011-05-05 21:20:43,Completed,326
355,Pipeline,2021-06-18 10:23:49,2021-06-18 20:33:13,Completed,100
356,Traffic Light,1999-01-17 01:21:48,1999-01-17 04:46:46,Completed,925
357,Powerline,2013-08-04 21:12:28,2013-08-04 22:24:17,Completed,263
358,Powerline,2024-01-26 13:09:41,2024-01-26 15:18:34,Completed,362
359,Road Construction,2021-04-24 20:21:23,2021-04-25 05:51:02,Completed,454
360,Pipeline,2020-07-27 17:33:23,2020-07-28 01:37:58,Completed,473
361,Electricity,2024-01-28 18:48:51,2024-01-29 05:15:41,Completed,227
362,Sewer,2018-04-29 03:36:55,2018-04-29 09:41:47,Completed,364
363,Pipeline,2004-01-10 20:27:47,,Not Started,234
364,Sewer,2016-08-31 16:29:27,2016-09-01 01:50:19,Completed,780
365,Electricity,2017-02-17 15:24:11,2017-02-17 21:53:29,Completed,599
366,Pipeline,2022-07-31 20:40:58,2022-08-01 00:43:01,Completed,343
367,Traffic Light,2005-08-08 21:13:56,2005-08-09 07:42:36,Completed,348
368,Sewer,2008-07-11 04:15:44,,In Progress,930
369,Road Construction,1999-07-30 15:25:04,1999-07-30 21:34:21,Completed,766
370,Sewer,2006-12-30 22:22:18,2006-12-31 00:45:41,Completed,549
371,Electricity,2004-11-23 08:54:29,2004-11-23 13:14:00,Completed,889
372,Pipeline,2006-08-08 01:23:16,2006-08-08 04:27:53,Completed,586
373,Traffic Light,2019-02-17 15:11:24,2019-02-17 21:40:42,Completed,659
374,Road Construction,2008-10-07 02:52:41,2008-10-07 04:15:38,Completed,754
375,Road Construction,2019-11-03 03:29:17,2019-11-03 04:58:00,Completed,537
376,Pipeline,2015-03-09 08:35:46,2015-03-09 16:38:26,Completed,429
377,Powerline,2018-06-16 20:17:40,2018-06-17 01:35:53,Completed,237
378,Road Construction,2004-07-11 06:44:13,2004-07-11 11:54:52,Completed,1000
379,Electricity,2018-08-22 13:58:50,2018-08-22 16:20:55,Completed,438
380,Road Construction,2008-10-18 01:37:19,2008-10-18 07:52:14,Completed,384
381,Powerline,2020-11-21 19:28:05,2020-11-21 21:32:07,Completed,192
382,Pipeline,2015-04-12 03:59:41,,Not Started,601
383,Traffic Light,2019-09-22 14:41:45,2019-09-22 19:11:30,Completed,401
384,Traffic Light,2010-11-02 23:06:17,2010-11-03 06:36:43,Completed,972
385,Electricity,2016-12-10 07:02:53,2016-12-10 10:08:33,Completed,71
386,Sewer,2010-03-22 07:27:14,2010-03-22 08:31:19,Completed,662
387,Traffic Light,1999-02-24 08:12:37,1999-02-24 10:21:13,Completed,55
388,Sewer,2006-01-19 03:10:13,2006-01-19 11:39:19,Completed,289
389,Road Construction,2021-01-24 23:05:39,2021-01-25 02:10:17,Completed,664
390,Road Construction,1999-02-27 21:02:36,1999-02-28 07:29:14,Completed,389
391,Electricity,2009-08-31 11:03:58,2009-08-31 19:19:59,Completed,305
392,Pipeline,2022-01-14 10:34:02,2022-01-14 14:48:36,Completed,983
393,Pipeline,2023-04-05 18:49:29,2023-04-06 03:09:26,Completed,961
394,Pipeline,2023-03-31 17:27:32,2023-03-31 19:31:56,Completed,837
395,Electricity,2011-09-21 07:46:25,2011-09-21 17:07:57,Completed,497
396,Traffic Light,1997-07-14 13:37:16,1997-07-14 20:46:07,Completed,542
397,Pipeline,2004-11-24 01:26:39,2004-11-24 04:53:18,Completed,408
398,Pipeline,2000-10-26 13:45:11,2000-10-26 21:06:30,Completed,193
399,Road Construction,2011-06-16 03:25:02,2011-06-16 06:41:15,Completed,515
400,Electricity,1999-08-18 15:00:13,1999-08-18 20:04:11,Completed,778
401,Pipeline,2017-04-02 12:16:43,2017-04-02 21:24:18,Completed,612
402,Electricity,2002-01-13 07:25:04,2002-01-13 13:44:19,Completed,188
403,Powerline,2023-10-25 20:11:29,2023-10-26 02:28:05,Completed,514
404,Pipeline,2004-12-17 21:30:27,2004-12-18 05:57:49,Completed,76
405,Powerline,2017-07-17 22:41:45,2017-07-18 03:46:18,Completed,742
406,Electricity,2022-09-18 06:05:30,2022-09-18 12:31:15,Completed,820
407,Traffic Light,2021-04-14 02:38:34,2021-04-14 09:42:56,Completed,886
408,Traffic Light,2022-02-13 07:09:09,2022-02-13 13:28:16,Completed,521
409,Traffic Light,2012-08-05 12:35:22,2012-08-05 22:54:13,Completed,544
410,Road Construction,2017-11-13 02:32:42,2017-11-13 08:42:59,Completed,445
411,Electricity,2010-08-06 11:59:45,2010-08-06 20:17:38,Completed,998
412,Pipeline,2013-09-09 02:11:58,2013-09-09 10:40:16,Completed,245
413,Electricity,2006-12-27 16:26:09,2006-12-27 19:51:32,Completed,297
414,Traffic Light,2000-02-10 21:27:39,2000-02-11 01:41:44,Completed,770
415,Traffic Light,2000-03-25 15:56:57,2000-03-25 18:59:06,Completed,50
416,Electricity,2001-01-28 00:29:54,2001-01-28 10:41:23,Completed,361
417,Powerline,2005-06-14 12:38:06,2005-06-14 23:03:43,Completed,199
418,Road Construction,2005-01-19 19:21:14,2005-01-20 05:27:27,Completed,66
419,Traffic Light,2020-01-07 19:09:11,2020-01-08 04:16:55,Completed,587
420,Pipeline,2009-03-23 14:31:56,2009-03-23 20:36:03,Completed,820
421,Road Construction,2004-12-21 03:40:21,2004-12-21 11:05:30,Completed,998
422,Pipeline,2000-06-21 00:41:15,2000-06-21 07:06:02,Completed,159
423,Electricity,2011-12-03 01:18:37,2011-12-03 10:48:43,Completed,881
424,Sewer,2012-10-23 07:05:30,2012-10-23 12:29:00,Completed,765
425,Traffic Light,2017-09-01 23:04:34,2017-09-02 08:13:03,Completed,998
426,Traffic Light,2008-11-16 01:15:05,2008-11-16 08:44:12,Completed,905
427,Road Construction,2022-06-26 16:25:43,2022-06-26 19:42:23,Completed,965
428,Sewer,2014-02-09 01:49:34,,In Progress,756
429,Powerline,2007-01-10 13:15:58,2007-01-10 15:28:25,Completed,629
430,Traffic Light,2006-04-20 19:54:31,2006-04-21 02:01:05,Completed,522
431,Traffic Light,2021-02-21 12:48:13,2021-02-21 23:06:10,Completed,412
432,Sewer,2005-07-08 15:03:15,2005-07-08 23:31:45,Completed,107
433,Road Construction,2005-08-04 23:35:39,,In Progress,809
434,Pipeline,2003-07-01 13:08:35,2003-07-01 21:16:49,Completed,402
435,Road Construction,1999-06-14 03:15:05,1999-06-14 11:17:22,Completed,330
436,Road Construction,2003-09-04 18:43:40,2003-09-05 02:56:13,Completed,325
437,Electricity,2000-09-07 04:26:51,2000-09-07 06:52:40,Completed,887
438,Powerline,2022-12-20 02:35:09,2022-12-20 12:42:59,Completed,427
439,Traffic Light,2011-12-19 21:29:01,2011-12-20 00:34:45,Completed,980
440,Pipeline,2023-08-28 05:39:29,2023-08-28 08:52:33,Completed,783
441,Road Construction,2002-05-30 00:40:52,2002-05-30 03:08:30,Completed,101
442,Traffic Light,2013-03-11 21:12:49,2013-03-11 23:26:14,Completed,795
443,Electricity,2007-08-27 14:11:02,2007-08-27 21:34:58,Completed,310
444,Sewer,2005-07-24 22:21:57,2005-07-25 02:39:08,Completed,344
445,Traffic Light,2007-11-11 04:42:53,2007-11-11 13:07:29,Completed,504
446,Sewer,2023-05-15 20:10:59,2023-05-16 03:28:51,Completed,669
447,Electricity,2012-03-27 01:46:19,2012-03-27 05:52:58,Completed,794
448,Pipeline,2011-12-15 09:29:07,2011-12-15 12:34:44,Completed,643
449,Pipeline,1997-07-23 00:25:12,1997-07-23 01:32:14,Completed,249
450,Pipeline,2016-07-29 20:31:43,2016-07-30 00:59:07,Completed,132
451,Powerline,2024-01-14 05:29:23,2024-01-14 10:37:20,Completed,351
452,Powerline,2018-01-17 13:15:34,2018-01-17 18:43:13,Completed,553
453,Electricity,2001-04-23 03:26:56,2001-04-23 13:40:00,Completed,31
454,Road Construction,2012-01-03 18:29:02,2012-01-03 20:52:48,Completed,209
455,Road Construction,2008-10-19 02:04:37,2008-10-19 09:16:44,Completed,344
456,Traffic Light,2021-12-26 21:21:01,,Not Started,766
457,Traffic Light,2014-03-05 17:52:02,2014-03-05 19:54:48,Completed,71
458,Sewer,2014-12-02 21:07:19,2014-12-03 02:29:08,Completed,857
459,Pipeline,2019-09-01 05:05:49,2019-09-01 10:35:18,Completed,248
460,Powerline,2001-03-01 07:34:39,2001-03-01 10:58:12,Completed,852
461,Pipeline,1998-06-17 01:18:47,1998-06-17 10:21:12,Completed,730
462,Sewer,2001-06-09 16:20:33,2001-06-10 02:35:42,Completed,227
463,Traffic Light,2002-03-03 21:59:40,2002-03-04 05:30:28,Completed,705
464,Electricity,2018-04-03 21:04:55,2018-04-04 02:28:44,Completed,728
465,Sewer,2007-12-19 23:55:51,2007-12-20 10:15:01,Completed,710
466,Road Construction,2019-02-25 19:10:47,2019-02-26 02:29:25,Completed,277
467,Powerline,2004-07-16 05:59:30,2004-07-16 12:18:24,Completed,998
468,Powerline,2018-06-08 12:07:57,2018-06-08 22:38:43,Completed,31
469,Sewer,2021-11-01 17:57:06,2021-11-01 22:26:07,Completed,622
470,Electricity,2005-10-29 14:50:27,2005-10-29 23:02:33,Completed,452
471,Electricity,2022-03-13 13:28:06,2022-03-13 16:56:27,Completed,579
472,Pipeline,2005-10-03 09:40:36,2005-10-03 12:08:29,Completed,73
473,Powerline,2022-04-04 14:01:29,,Not Started,991
474,Traffic Light,2014-08-18 20:04:33,2014-08-19 03:27:11,Completed,373
475,Traffic Light,2011-11-30 15:46:28,2011-11-30 17:07:27,Completed,176
476,Powerline,2018-02-13 08:14:50,2018-02-13 11:26:43,Completed,173
477,Road Construction,2013-10-01 10:32:21,2013-10-01 12:47:14,Completed,564
478,Sewer,2008-11-17 07:13:09,2008-11-17 16:35:27,Completed,219
479,Sewer,2009-01-24 13:50:04,2009-01-24 22:57:34,Completed,805
480,Sewer,1998-04-27 09:17:23,,Not Started,547
481,Road Construction,2006-07-10 02:55:46,2006-07-10 09:11:23,Completed,869
482,Traffic Light,2017-07-13 17:34:42,2017-07-14 04:02:59,Completed,682
483,Sewer,2019-05-11 21:21:30,2019-05-11 22:45:45,Completed,362
484,Electricity,2019-11-24 22:26:51,2019-11-25 05:44:14,Completed,209
485,Traffic Light,2010-12-30 20:01:45,,Not Started,2
486,Powerline,2016-12-12 07:48:03,,In Progress,838
487,Traffic Light,2006-07-19 21:23:56,2006-07-20 01:54:45,Completed,464
488,Powerline,1999-03-18 08:43:49,1999-03-18 17:03:24,Completed,23
489,Traffic Light,2001-03-03 11:38:44,2001-03-03 14:56:05,Completed,824
490,Traffic Light,2021-05-26 06:28:08,2021-05-26 07:54:28,Completed,628
491,Traffic Light,2008-03-14 04:35:23,2008-03-14 13:44:04,Completed,293
492,Powerline,2007-06-12 03:51:29,2007-06-12 12:14:43,Completed,149
493,Pipeline,2023-07-25 07:44:34,2023-07-25 13:06:52,Completed,395
494,Powerline,2022-10-01 00:16:53,2022-10-01 01:18:19,Completed,461
495,Traffic Light,2017-03-11 11:40:32,2017-03-11 13:41:33,Completed,21
496,Pipeline,2009-04-18 09:46:50,2009-04-18 16:49:08,Completed,329
497,Traffic Light,2024-06-10 13:52:29,2024-06-10 15:58:51,Completed,982
498,Electricity,2018-06-24 18:20:37,2018-06-24 22:28:32,Completed,481
499,Electricity,2021-11-22 23:47:46,2021-11-23 03:18:30,Completed,784
500,Powerline,1999-08-20 21:49:33,1999-08-21 01:06:28,Completed,320
501,Road Construction,2005-01-05 21:13:06,2005-01-06 03:29:53,Completed,388
502,Powerline,2013-01-20 08:07:42,2013-01-20 13:37:48,Completed,708
503,Road Construction,2015-11-29 01:00:34,2015-11-29 09:11:48,Completed,510
504,Pipeline,2017-03-04 20:42:45,2017-03-04 23:54:18,Completed,112
505,Sewer,1998-07-03 23:27:59,1998-07-04 09:57:27,Completed,164
506,Sewer,2016-05-17 15:08:10,2016-05-17 23:30:51,Completed,492
507,Electricity,2012-02-10 06:28:06,2012-02-10 16:53:58,Completed,633
508,Sewer,1997-08-23 01:18:35,1997-08-23 08:49:14,Completed,726
509,Electricity,2002-12-27 04:06:20,2002-12-27 11:13:40,Completed,64
510,Electricity,2008-02-09 03:47:13,2008-02-09 14:12:42,Completed,288
511,Powerline,1998-11-12 11:04:32,1998-11-12 17:06:56,Completed,292
512,Road Construction,2009-02-15 11:09:09,2009-02-15 17:28:30,Completed,871
513,Electricity,2014-11-06 12:54:16,2014-11-06 15:10:11,Completed,91
514,Road Construction,2019-11-04 00:51:09,2019-11-04 10:01:50,Completed,527
515,Sewer,2007-12-24 01:58:24,2007-12-24 03:03:40,Completed,811
516,Traffic Light,2015-04-19 00:20:34,2015-04-19 04:44:56,Completed,372
517,Road Construction,2010-12-22 19:31:18,,Not Started,915
518,Electricity,2014-05-01 13:25:46,2014-05-01 21:50:18,Completed,567
519,Sewer,2020-11-26 00:24:36,2020-11-26 01:35:32,Completed,520
520,Road Construction,1998-11-16 13:31:25,1998-11-16 20:01:08,Completed,374
521,Electricity,2015-07-17 17:51:12,2015-07-17 21:59:49,Completed,131
522,Road Construction,2017-03-05 07:03:32,2017-03-05 11:33:47,Completed,345
523,Powerline,2002-02-24 01:30:05,2002-02-24 08:46:11,Completed,15
524,Electricity,2000-08-26 03:56:31,2000-08-26 08:13:51,Completed,602
525,Electricity,2006-04-05 12:14:41,2006-04-05 14:44:49,Completed,403
526,Powerline,1999-07-29 17:56:17,1999-07-30 03:22:36,Completed,203
527,Pipeline,1998-07-06 17:18:30,1998-07-06 22:23:39,Completed,55
528,Road Construction,1997-10-22 08:23:43,1997-10-22 14:38:51,Completed,36
529,Sewer,2011-03-11 02:02:13,2011-03-11 03:16:00,Completed,28
530,Pipeline,2006-05-02 09:03:21,2006-05-02 14:16:01,Completed,7
531,Sewer,2019-09-13 03:49:57,2019-09-13 08:16:11,Completed,416
532,Pipeline,2017-09-10 18:06:15,2017-09-11 02:34:45,Completed,599
533,Powerline,2004-10-13 09:37:41,2004-10-13 11:59:29,Completed,832
534,Pipeline,2020-04-16 21:01:29,2020-04-17 07:27:34,Completed,403
535,Pipeline,2005-03-07 20:10:08,2005-03-08 04:37:54,Completed,571
536,Road Construction,2012-02-12 09:20:41,2012-02-12 11:24:04,Completed,499
537,Road Construction,2014-11-18 17:50:27,2014-11-18 19:14:42,Completed,46
538,Electricity,2009-01-17 20:14:57,2009-01-17 21:19:08,Completed,128
539,Pipeline,2014-01-25 00:50:42,2014-01-25 06:56:33,Completed,409
540,Electricity,2019-03-10 21:50:55,2019-03-11 03:01:36,Completed,955
541,Road Construction,2023-01-12 17:07:21,2023-01-12 18:11:05,Completed,1000
542,Traffic Light,2003-06-20 20:49:50,2003-06-21 01:01:35,Completed,205
543,Traffic Light,2011-05-13 07:50:51,,Not Started,111
544,Traffic Light,2018-03-04 17:44:57,2018-03-04 21:50:26,Completed,860
545,Road Construction,2008-07-31 14:57:15,2008-07-31 22:58:50,Completed,393
546,Traffic Light,2024-01-14 02:50:53,2024-01-14 07:17:03,Completed,192
547,Pipeline,2000-01-31 03:27:39,2000-01-31 05:48:18,Completed,541
548,Sewer,2002-12-11 08:42:55,2002-12-11 19:11:44,Completed,299
549,Electricity,2010-09-10 06:01:38,2010-09-10 08:09:52,Completed,663
550,Traffic Light,2009-05-31 13:34:36,2009-05-31 15:53:56,Completed,896
551,Pipeline,2004-11-16 15:31:01,2004-11-16 20:37:39,Completed,832
552,Traffic Light,2002-04-09 15:26:49,2002-04-09 20:53:48,Completed,378
553,Traffic Light,2018-10-05 20:15:49,2018-10-05 21:38:44,Completed,343
554,Road Construction,2017-08-09 17:06:31,2017-08-10 00:14:26,Completed,505
555,Traffic Light,2002-12-12 04:22:08,2002-12-12 14:49:21,Completed,133
556,Electricity,2008-04-16 07:30:04,2008-04-16 11:54:26,Completed,503
557,Pipeline,2010-02-19 23:56:36,2010-02-20 09:01:10,Completed,326
558,Pipeline,2024-04-21 20:27:32,2024-04-21 22:45:34,Completed,907
559,Powerline,2021-10-12 16:39:38,,In Progress,399
560,Road Construction,2018-05-04 23:36:05,2018-05-05 09:58:48,Completed,720
561,Road Construction,2020-03-07 04:11:48,2020-03-07 05:26:11,Completed,624
562,Electricity,2021-02-01 21:06:38,2021-02-01 22:07:57,Completed,807
563,Pipeline,1999-02-09 17:07:43,1999-02-10 00:09:22,Completed,5
564,Road Construction,2002-01-12 00:54:41,2002-01-12 08:10:12,Completed,470
565,Pipeline,2009-04-12 07:33:29,2009-04-12 09:59:01,Completed,955
566,Road Construction,2012-10-17 14:00:36,2012-10-17 21:13:42,Completed,841
567,Pipeline,2007-02-26 07:28:40,2007-02-26 15:51:57,Completed,710
568,Powerline,2007-09-04 21:49:43,2007-09-05 05:09:40,Completed,955
569,Sewer,2005-11-28 01:05:08,2005-11-28 05:25:47,Completed,562
570,Pipeline,2024-03-12 21:44:19,2024-03-13 03:47:39,Completed,605
571,Road Construction,2004-01-15 23:01:46,2004-01-16 01:16:36,Completed,574
572,Sewer,2008-11-22 15:49:22,,Not Started,151
573,Road Construction,2001-10-21 20:31:21,2001-10-22 03:54:42,Completed,604
574,Pipeline,2001-04-04 09:36:45,2001-04-04 17:44:28,Completed,404
575,Electricity,2012-04-23 06:40:44,2012-04-23 13:57:13,Completed,227
576,Traffic Light,2001-07-04 03:57:26,2001-07-04 08:26:35,Completed,790
577,Pipeline,2008-06-09 17:08:10,2008-06-09 19:20:15,Completed,589
578,Powerline,2005-09-12 18:41:06,,In Progress,667
579,Electricity,2015-11-03 05:05:09,2015-11-03 07:08:06,Completed,633
580,Road Construction,2023-07-04 12:00:27,2023-07-04 19:28:43,Completed,347
581,Electricity,2006-10-04 09:00:04,2006-10-04 10:12:40,Completed,697
582,Electricity,2014-12-21 02:47:03,2014-12-21 11:54:33,Completed,155
583,Electricity,2017-12-31 19:34:39,2018-01-01 01:50:08,Completed,395
584,Electricity,2007-09-19 22:58:18,2007-09-20 01:03:45,Completed,135
585,Electricity,2020-04-01 04:54:50,2020-04-01 15:02:44,Completed,108
586,Road Construction,2016-05-30 11:19:32,2016-05-30 18:37:30,Completed,195
587,Road Construction,2021-09-05 17:28:39,2021-09-05 21:54:52,Completed,247
588,Road Construction,2023-11-26 17:28:01,2023-11-26 21:52:06,Completed,298
589,Powerline,2017-02-01 15:01:26,2017-02-01 16:26:21,Completed,433
590,Traffic Light,2014-08-07 16:19:47,2014-08-07 22:40:18,Completed,357
591,Powerline,2018-11-21 05:26:10,2018-11-21 12:30:12,Completed,999
592,Pipeline,2007-02-19 18:24:32,2007-02-20 02:47:02,Completed,289
593,Electricity,2018-04-28 11:44:51,2018-04-28 16:59:02,Completed,526
594,Electricity,1999-08-08 06:31:07,1999-08-08 12:42:45,Completed,152
595,Powerline,2023-10-24 01:11:27,2023-10-24 02:19:46,Completed,423
596,Electricity,2008-04-10 23:14:58,2008-04-11 01:18:54,Completed,375
597,Road Construction,2022-03-05 16:24:55,2022-03-05 23:52:48,Completed,237
598,Traffic Light,2023-12-20 11:30:10,2023-12-20 20:40:18,Completed,658
599,Electricity,2002-10-14 01:23:42,2002-10-14 09:34:37,Completed,193
600,Road Construction,2003-10-06 11:51:56,2003-10-06 19:21:16,Completed,30
601,Sewer,2008-10-05 21:21:47,2008-10-06 06:41:02,Completed,162
602,Sewer,2001-12-28 08:59:17,2001-12-28 17:08:52,Completed,467
603,Electricity,2008-03-29 19:36:21,2008-03-30 01:47:42,Completed,177
604,Electricity,1998-01-23 02:25:55,1998-01-23 07:40:42,Completed,781
605,Electricity,2018-06-07 09:23:47,2018-06-07 13:30:10,Completed,738
606,Powerline,1999-10-29 02:06:16,1999-10-29 11:29:47,Completed,754
607,Road Construction,2021-06-17 12:07:17,2021-06-17 16:18:31,Completed,644
608,Sewer,2007-07-25 01:07:04,2007-07-25 03:33:08,Completed,240
609,Traffic Light,2017-03-21 10:09:01,2017-03-21 15:15:05,Completed,236
610,Sewer,2018-08-28 11:37:17,2018-08-28 13:45:04,Completed,886
611,Powerline,2017-05-14 10:22:23,2017-05-14 18:39:01,Completed,805
612,Electricity,2015-07-10 07:02:05,2015-07-10 10:05:54,Completed,348
613,Electricity,2016-04-19 20:08:22,2016-04-20 02:09:35,Completed,51
614,Sewer,2018-01-22 17:29:52,2018-01-22 20:44:15,Completed,773
615,Road Construction,1998-10-02 06:10:05,1998-10-02 08:40:49,Completed,860
616,Road Construction,1999-02-02 20:35:01,1999-02-03 05:54:51,Completed,178
617,Pipeline,2018-08-13 16:44:49,2018-08-13 23:06:28,Completed,582
618,Sewer,2015-12-05 02:56:24,2015-12-05 04:58:01,Completed,971
619,Electricity,2002-11-07 23:29:09,2002-11-08 06:34:07,Completed,163
620,Electricity,2014-01-11 20:47:50,2014-01-11 22:01:09,Completed,248
621,Powerline,2005-02-16 16:25:26,2005-02-16 22:55:20,Completed,255
622,Sewer,2009-08-14 17:32:38,2009-08-14 21:43:53,Completed,619
623,Sewer,2018-08-14 02:29:55,2018-08-14 04:58:32,Completed,828
624,Electricity,2023-02-16 20:57:04,,Not Started,431
625,Pipeline,2000-07-28 12:00:29,2000-07-28 18:26:13,Completed,591
626,Electricity,2016-08-15 21:06:26,2016-08-15 23:18:31,Completed,663
627,Electricity,2020-06-12 05:48:42,2020-06-12 14:05:06,Completed,936
628,Pipeline,2015-02-21 09:40:40,2015-02-21 13:10:58,Completed,44
629,Road Construction,2013-11-09 21:17:08,2013-11-10 01:35:17,Completed,901
630,Pipeline,2020-09-15 11:19:33,2020-09-15 16:25:56,Completed,117
631,Pipeline,2008-10-15 23:00:42,2008-10-16 09:09:45,Completed,886
632,Road Construction,2019-01-24 05:37:24,2019-01-24 10:59:48,Completed,53
633,Pipeline,2001-12-23 22:26:35,2001-12-24 01:45:04,Completed,450
634,Pipeline,2008-11-06 16:32:51,2008-11-07 00:48:46,Completed,735
635,Electricity,2002-12-02 10:56:21,2002-12-02 15:08:50,Completed,676
636,Sewer,2003-02-16 06:30:54,2003-02-16 14:45:37,Completed,466
637,Road Construction,2007-04-02 12:15:18,2007-04-02 18:45:35,Completed,813
638,Sewer,1999-05-23 11:12:00,1999-05-23 21:21:48,Completed,304
639,Road Construction,2012-04-09 21:00:02,2012-04-10 04:29:25,Completed,597
640,Sewer,1999-12-26 14:36:48,1999-12-27 00:01:39,Completed,457
641,Road Construction,2016-04-27 22:17:39,2016-04-28 01:34:46,Completed,898
642,Traffic Light,1998-06-06 04:36:03,1998-06-06 14:55:58,Completed,843
643,Electricity,1998-04-22 09:22:00,1998-04-22 16:42:42,Completed,134
644,Powerline,2001-06-14 14:22:56,2001-06-14 16:36:20,Completed,978
645,Road Construction,2011-04-06 09:58:56,2011-04-06 20:14:44,Completed,31
646,Powerline,2011-12-28 09:46:12,2011-12-28 16:16:28,Completed,401
647,Electricity,2023-05-17 16:06:45,2023-05-17 20:15:24,Completed,348
648,Pipeline,2019-06-23 07:16:56,2019-06-23 16:44:49,Completed,27
649,Traffic Light,2006-01-13 18:00:39,2006-01-13 21:09:50,Completed,865
650,Electricity,2012-07-18 23:15:30,2012-07-19 09:31:04,Completed,865
651,Traffic Light,2021-07-17 10:38:21,2021-07-17 12:44:09,Completed,98
652,Traffic Light,2018-10-08 04:38:25,2018-10-08 13:08:28,Completed,43
653,Road Construction,2007-05-01 03:19:10,2007-05-01 08:30:23,Completed,36
654,Powerline,2016-12-03 21:06:11,2016-12-04 01:10:18,Completed,952
655,Traffic Light,2001-12-06 21:15:25,2001-12-07 06:43:40,Completed,944
656,Powerline,2018-05-04 04:28:00,2018-05-04 09:52:47,Completed,178
657,Road Construction,1998-04-23 13:20:44,1998-04-23 14:25:21,Completed,665
658,Powerline,2006-10-08 06:00:58,2006-10-08 14:12:44,Completed,732
659,Traffic Light,1998-11-10 23:20:08,1998-11-11 06:30:18,Completed,857
660,Sewer,2010-03-08 20:11:30,2010-03-08 22:42:07,Completed,793
661,Pipeline,2010-12-05 07:28:38,2010-12-05 16:45:19,Completed,738
662,Pipeline,2018-03-31 06:54:58,2018-03-31 15:13:31,Completed,981
663,Sewer,2023-07-14 08:40:52,2023-07-14 11:11:18,Completed,192
664,Electricity,2011-01-02 22:03:48,2011-01-02 23:20:33,Completed,456
665,Traffic Light,2020-12-09 06:57:34,2020-12-09 14:06:47,Completed,428
666,Road Construction,2009-10-28 22:23:15,2009-10-29 01:25:01,Completed,327
667,Traffic Light,2007-07-21 09:06:25,2007-07-21 15:28:58,Completed,524
668,Electricity,2013-03-04 08:37:24,2013-03-04 11:06:22,Completed,974
669,Powerline,2023-08-24 00:23:22,2023-08-24 10:38:43,Completed,127
670,Electricity,2005-05-06 23:55:56,2005-05-07 09:03:43,Completed,566
671,Pipeline,2017-10-06 15:45:25,2017-10-06 18:00:37,Completed,127
672,Traffic Light,1998-09-18 05:48:09,1998-09-18 08:03:06,Completed,325
673,Powerline,2022-11-19 16:07:19,2022-11-19 23:31:23,Completed,787
674,Pipeline,2020-01-09 09:19:13,,Not Started,331
675,Traffic Light,2011-04-26 23:01:59,2011-04-27 00:22:49,Completed,198
676,Powerline,2022-03-17 18:57:08,,In Progress,902
677,Pipeline,2021-07-26 02:10:04,2021-07-26 04:40:09,Completed,734
678,Sewer,2011-01-17 09:57:12,2011-01-17 15:28:02,Completed,120
679,Sewer,2012-10-16 22:29:08,2012-10-17 01:38:32,Completed,747
680,Pipeline,2023-05-11 08:21:45,2023-05-11 10:44:08,Completed,539
681,Pipeline,2008-06-12 16:15:57,,Not Started,584
682,Powerline,2015-07-25 10:02:33,2015-07-25 17:29:16,Completed,628
683,Pipeline,2009-10-05 15:14:18,2009-10-05 23:20:27,Completed,671
684,Electricity,2007-05-20 21:02:02,2007-05-20 22:08:27,Completed,4
685,Pipeline,2007-07-16 03:04:49,2007-07-16 10:27:09,Completed,188
686,Sewer,2003-04-22 21:31:15,2003-04-23 05:33:16,Completed,68
687,Powerline,2022-01-10 14:55:04,2022-01-11 01:26:00,Completed,850
688,Road Construction,2004-07-18 01:22:20,2004-07-18 10:39:50,Completed,900
689,Electricity,1997-08-25 19:50:15,1997-08-26 03:10:34,Completed,497
690,Electricity,2004-08-11 20:13:37,2004-08-12 06:43:56,Completed,617
691,Powerline,2021-08-22 06:42:25,2021-08-22 13:00:43,Completed,726
692,Pipeline,2007-08-13 20:46:10,2007-08-14 07:13:35,Completed,664
693,Electricity,2017-09-12 02:12:17,2017-09-12 07:20:40,Completed,426
694,Pipeline,2015-09-08 17:41:17,2015-09-08 21:06:19,Completed,470
695,Pipeline,2015-02-15 02:24:21,2015-02-15 04:36:13,Completed,761
696,Road Construction,2018-10-16 21:20:57,2018-10-17 03:30:19,Completed,563
697,Road Construction,2015-10-12 00:26:04,2015-10-12 09:46:26,Completed,702
698,Electricity,2014-07-25 10:29:17,2014-07-25 18:53:34,Completed,364
699,Pipeline,2020-06-30 08:29:07,2020-06-30 14:39:49,Completed,955
700,Traffic Light,2024-01-09 16:22:11,2024-01-09 18:52:50,Completed,962
701,Sewer,1997-08-18 08:09:58,1997-08-18 11:21:16,Completed,770
702,Sewer,2006-12-20 16:21:03,2006-12-21 01:46:55,Completed,134
703,Pipeline,2009-01-29 21:55:18,2009-01-30 02:58:24,Completed,143
704,Road Construction,2017-11-04 18:09:38,2017-11-05 00:23:51,Completed,804
705,Powerline,1998-11-13 23:58:49,1998-11-14 05:17:35,Completed,84
706,Road Construction,2003-02-11 14:38:45,2003-02-11 23:42:04,Completed,742
707,Sewer,2023-02-14 08:16:57,2023-02-14 10:27:59,Completed,622
708,Powerline,2014-10-21 21:35:07,2014-10-22 01:58:54,Completed,859
709,Pipeline,2017-08-20 00:53:01,2017-08-20 11:17:05,Completed,643
710,Road Construction,2022-11-13 10:39:04,2022-11-13 11:55:25,Completed,691
711,Electricity,2013-02-25 19:50:40,2013-02-26 01:03:51,Completed,446
712,Traffic Light,2023-07-10 15:14:07,2023-07-10 20:38:33,Completed,812
713,Powerline,2009-04-09 10:13:52,2009-04-09 12:19:08,Completed,302
714,Pipeline,2024-05-23 18:35:37,2024-05-24 00:41:13,Completed,507
715,Pipeline,2018-12-14 16:52:30,2018-12-15 01:10:59,Completed,613
716,Electricity,2015-06-14 12:34:03,2015-06-14 14:48:22,Completed,554
717,Sewer,2019-03-22 10:17:54,2019-03-22 14:43:29,Completed,181
718,Traffic Light,2009-04-27 18:24:54,2009-04-28 01:46:55,Completed,685
719,Powerline,2008-03-18 01:55:50,2008-03-18 05:06:54,Completed,970
720,Road Construction,2023-11-18 00:51:56,2023-11-18 05:00:29,Completed,951
721,Road Construction,2018-09-15 05:37:32,2018-09-15 09:59:14,Completed,131
722,Pipeline,2019-02-05 17:36:22,2019-02-06 01:55:50,Completed,689
723,Road Construction,2023-10-22 07:43:01,2023-10-22 18:10:33,Completed,31
724,Sewer,2022-10-01 21:09:41,2022-10-02 04:35:51,Completed,628
725,Sewer,2001-05-26 12:18:52,2001-05-26 19:37:01,Completed,916
726,Traffic Light,2020-02-14 02:03:49,2020-02-14 07:22:10,Completed,496
727,Road Construction,2007-12-19 02:33:48,2007-12-19 08:50:43,Completed,534
728,Powerline,2012-04-07 20:24:06,,Not Started,801
729,Electricity,2005-03-17 07:42:03,2005-03-17 13:08:02,Completed,551
730,Traffic Light,2006-10-10 23:57:18,2006-10-11 10:24:26,Completed,170
731,Sewer,2023-11-10 23:42:50,2023-11-11 04:54:24,Completed,404
732,Road Construction,2005-12-24 14:49:46,2005-12-24 22:56:58,Completed,865
733,Powerline,2014-11-22 11:16:12,2014-11-22 17:44:20,Completed,772
734,Electricity,1999-07-20 05:04:41,1999-07-20 06:09:57,Completed,441
735,Sewer,2016-04-22 02:37:11,2016-04-22 07:02:04,Completed,708
736,Pipeline,2007-03-04 19:10:34,,Not Started,539
737,Pipeline,2023-02-07 13:41:27,2023-02-07 20:07:10,Completed,638
738,Pipeline,2006-01-19 23:49:16,2006-01-20 04:10:07,Completed,580
739,Electricity,2004-12-01 14:59:37,2004-12-01 16:23:29,Completed,440
740,Sewer,2002-12-26 16:01:09,2002-12-27 02:03:40,Completed,759
741,Powerline,2011-10-10 09:30:13,2011-10-10 17:38:41,Completed,621
742,Road Construction,2001-03-11 19:10:43,2001-03-12 02:12:08,Completed,992
743,Electricity,2020-06-28 01:45:21,2020-06-28 10:10:53,Completed,605
744,Traffic Light,2020-04-16 08:11:54,2020-04-16 12:23:26,Completed,428
745,Pipeline,2005-11-30 02:57:47,,Not Started,774
746,Sewer,2013-12-12 12:57:52,2013-12-12 22:16:00,Completed,589
747,Sewer,2013-02-16 03:35:16,2013-02-16 08:47:23,Completed,624
748,Powerline,2016-05-05 10:23:28,,In Progress,275
749,Traffic Light,2024-06-15 16:27:43,2024-06-15 19:39:40,Completed,833
750,Pipeline,1998-07-10 02:32:05,1998-07-10 08:50:07,Completed,58
751,Electricity,2000-12-24 03:52:30,2000-12-24 14:23:17,Completed,902
752,Electricity,2022-03-04 17:49:04,2022-03-05 02:10:31,Completed,15
753,Road Construction,2011-09-30 09:22:28,2011-09-30 14:46:09,Completed,377
754,Road Construction,2018-11-18 22:35:48,2018-11-19 00:53:16,Completed,165
755,Electricity,1999-10-02 19:24:08,1999-10-03 00:40:44,Completed,723
756,Powerline,2010-09-04 02:28:53,2010-09-04 07:42:32,Completed,82
757,Sewer,2010-03-01 11:40:46,2010-03-01 17:04:53,Completed,504
758,Powerline,2010-07-11 09:52:12,,Not Started,314
759,Powerline,2009-12-18 13:31:33,2009-12-18 19:56:35,Completed,344
760,Pipeline,2001-10-02 02:16:32,2001-10-02 09:30:04,Completed,488
761,Traffic Light,1997-10-14 16:41:53,1997-10-14 20:45:11,Completed,192
762,Pipeline,2021-08-30 08:55:35,2021-08-30 17:20:02,Completed,644
763,Sewer,1999-10-06 11:50:52,1999-10-06 14:55:57,Completed,454
764,Powerline,2006-11-02 04:07:37,2006-11-02 13:29:48,Completed,143
765,Sewer,2002-09-07 22:13:26,2002-09-08 05:35:45,Completed,324
766,Electricity,2017-10-20 05:39:16,2017-10-20 08:54:24,Completed,477
767,Pipeline,2005-06-11 20:15:17,2005-06-12 03:35:06,Completed,331
768,Pipeline,2005-04-19 21:20:06,2005-04-19 22:21:38,Completed,564
769,Road Construction,2024-05-02 00:01:42,2024-05-02 02:27:28,Completed,916
770,Powerline,2022-06-07 19:40:25,2022-06-07 22:42:16,Completed,952
771,Sewer,2023-07-28 21:55:40,2023-07-29 05:16:01,Completed,760
772,Pipeline,2002-06-03 00:30:50,2002-06-03 02:35:43,Completed,955
773,Traffic Light,2004-06-22 09:46:37,,In Progress,975
774,Pipeline,2010-03-09 08:07:35,2010-03-09 16:27:30,Completed,757
775,Road Construction,2002-11-21 12:27:52,2002-11-21 16:44:41,Completed,869
776,Sewer,2010-03-09 15:31:27,2010-03-10 00:58:07,Completed,884
777,Electricity,2005-04-07 15:41:05,2005-04-08 01:42:53,Completed,215
778,Sewer,2003-06-01 10:19:06,2003-06-01 19:44:09,Completed,587
779,Road Construction,2006-07-07 17:53:51,2006-07-08 03:19:31,Completed,733
780,Powerline,2003-08-22 10:31:31,2003-08-22 13:36:28,Completed,668
781,Traffic Light,2007-02-14 01:22:18,2007-02-14 05:28:02,Completed,218
782,Traffic Light,2006-11-23 02:52:30,,In Progress,767
783,Road Construction,2013-04-05 09:08:22,2013-04-05 13:37:42,Completed,374
784,Traffic Light,2020-01-12 19:59:37,2020-01-13 04:00:58,Completed,311
785,Powerline,2003-02-18 14:39:32,2003-02-18 17:02:44,Completed,939
786,Road Construction,2009-05-26 13:51:57,2009-05-26 15:18:11,Completed,297
787,Road Construction,2000-11-01 23:43:21,2000-11-02 06:00:11,Completed,228
788,Pipeline,2001-04-09 08:39:39,,Not Started,601
789,Sewer,2005-06-10 10:52:46,2005-06-10 15:18:18,Completed,682
790,Sewer,2019-11-23 14:17:44,2019-11-23 23:39:15,Completed,430
791,Traffic Light,2012-06-17 13:00:17,2012-06-17 18:18:41,Completed,97
792,Powerline,2004-12-25 17:44:12,2004-12-25 20:14:05,Completed,68
793,Powerline,1998-03-30 07:18:38,1998-03-30 09:43:42,Completed,590
794,Traffic Light,2022-04-21 17:12:41,2022-04-21 22:17:47,Completed,307
795,Road Construction,2018-06-01 20:37:13,2018-06-02 06:01:53,Completed,965
796,Traffic Light,2003-06-29 12:45:20,2003-06-29 14:05:41,Completed,474
797,Pipeline,2006-09-02 02:11:35,2006-09-02 12:29:20,Completed,593
798,Powerline,2011-06-05 05:55:29,2011-06-05 09:02:00,Completed,676
799,Electricity,2015-03-30 03:11:46,2015-03-30 05:23:28,Completed,453
800,Sewer,2017-05-08 15:20:20,2017-05-08 21:25:49,Completed,344
801,Electricity,2000-07-03 16:20:43,2000-07-04 00:22:14,Completed,453
802,Road Construction,2007-06-20 23:45:34,2007-06-21 05:59:41,Completed,232
803,Pipeline,2014-10-06 05:48:16,2014-10-06 07:16:14,Completed,503
804,Sewer,2016-04-05 04:32:37,2016-04-05 05:36:12,Completed,336
805,Electricity,2017-05-12 14:41:37,2017-05-12 16:09:45,Completed,444
806,Powerline,2003-09-04 07:46:52,2003-09-04 11:49:28,Completed,123
807,Electricity,2022-03-24 16:21:25,2022-03-24 22:43:46,Completed,462
808,Electricity,2013-02-08 17:15:16,2013-02-08 21:24:31,Completed,672
809,Road Construction,2001-08-26 10:30:59,2001-08-26 16:39:39,Completed,568
810,Traffic Light,2013-02-20 10:36:04,2013-02-20 14:01:50,Completed,418
811,Electricity,2016-01-02 18:53:55,,In Progress,951
812,Powerline,2000-12-31 14:16:20,2000-12-31 21:29:19,Completed,495
813,Powerline,2013-04-26 14:07:52,2013-04-26 23:26:14,Completed,662
814,Powerline,2004-11-05 06:33:49,2004-11-05 08:51:05,Completed,664
815,Powerline,2018-01-29 02:42:44,2018-01-29 08:12:55,Completed,701
816,Electricity,2019-01-01 23:39:10,2019-01-02 01:57:55,Completed,29
817,Electricity,2018-01-05 23:36:21,2018-01-06 08:55:03,Completed,206
818,Electricity,2008-10-14 13:24:30,2008-10-14 23:36:57,Completed,419
819,Pipeline,2020-09-08 01:00:21,2020-09-08 04:18:59,Completed,739
820,Sewer,2002-11-05 18:53:05,2002-11-05 22:17:40,Completed,551
821,Electricity,2023-06-05 22:02:26,2023-06-06 05:27:33,Completed,149
822,Powerline,1998-07-16 13:22:12,,In Progress,31
823,Road Construction,2009-04-21 01:28:40,2009-04-21 10:40:52,Completed,996
824,Electricity,2000-01-22 00:30:59,2000-01-22 02:41:03,Completed,145
825,Sewer,2012-05-28 12:05:07,2012-05-28 16:16:59,Completed,233
826,Road Construction,2013-10-13 10:05:24,2013-10-13 11:11:39,Completed,940
827,Electricity,2021-11-17 21:26:27,2021-11-18 06:30:24,Completed,856
828,Electricity,2019-09-28 03:32:33,2019-09-28 08:37:51,Completed,584
829,Electricity,2018-10-19 06:13:36,2018-10-19 13:35:37,Completed,746
830,Traffic Light,2014-05-21 19:34:22,2014-05-22 00:59:19,Completed,636
831,Electricity,2022-08-30 00:26:40,2022-08-30 03:36:36,Completed,926
832,Powerline,2003-02-14 02:13:45,2003-02-14 03:36:05,Completed,976
833,Powerline,2013-06-25 00:14:10,2013-06-25 08:21:44,Completed,727
834,Traffic Light,2009-01-15 00:08:12,2009-01-15 06:24:09,Completed,57
835,Electricity,1997-10-28 12:24:17,1997-10-28 15:25:25,Completed,362
836,Road Construction,2022-11-07 13:51:21,2022-11-07 20:16:07,Completed,480
837,Electricity,2005-07-03 18:50:13,2005-07-04 03:12:05,Completed,907
838,Electricity,2007-12-28 20:46:05,2007-12-28 23:51:56,Completed,750
839,Electricity,2014-06-05 17:29:25,,Not Started,179
840,Road Construction,2005-05-25 16:30:16,2005-05-25 20:37:11,Completed,24
841,Road Construction,2019-03-26 11:56:40,2019-03-26 22:10:07,Completed,313
842,Traffic Light,2007-02-09 18:04:37,2007-02-09 23:16:22,Completed,230
843,Sewer,1998-10-20 16:47:54,1998-10-20 19:03:58,Completed,866
844,Electricity,2003-02-12 08:21:43,2003-02-12 18:33:18,Completed,826
845,Pipeline,2006-06-18 16:48:42,2006-06-18 20:58:59,Completed,292
846,Electricity,2023-03-31 06:05:27,2023-03-31 16:33:08,Completed,444
847,Traffic Light,2022-11-16 14:26:45,2022-11-17 00:46:34,Completed,362
848,Pipeline,2006-03-11 12:14:20,2006-03-11 19:22:49,Completed,27
849,Electricity,2009-07-25 23:59:43,2009-07-26 01:03:26,Completed,870
850,Traffic Light,2013-01-11 11:21:13,2013-01-11 18:28:49,Completed,483
851,Sewer,2015-09-15 01:39:23,2015-09-15 09:59:39,Completed,781
852,Electricity,2001-12-06 19:46:29,2001-12-07 02:16:07,Completed,904
853,Pipeline,2018-03-05 06:06:41,2018-03-05 15:10:11,Completed,293
854,Pipeline,2000-12-05 04:38:21,2000-12-05 11:54:59,Completed,211
855,Sewer,2006-08-10 14:33:28,,Not Started,887
856,Sewer,2017-12-29 00:03:47,2017-12-29 07:07:03,Completed,134
857,Powerline,2016-10-07 09:00:35,2016-10-07 18:10:48,Completed,228
858,Sewer,2015-10-24 15:03:25,2015-10-24 16:23:48,Completed,241
859,Road Construction,1999-10-22 07:12:01,1999-10-22 15:19:05,Completed,915
860,Road Construction,2023-12-18 03:28:37,2023-12-18 13:44:02,Completed,336
861,Powerline,2021-05-24 03:57:47,2021-05-24 12:23:24,Completed,164
862,Pipeline,1998-05-09 10:50:03,1998-05-09 12:00:16,Completed,415
863,Powerline,2001-08-15 13:56:06,2001-08-15 21:20:05,Completed,837
864,Road Construction,2020-07-05 13:40:26,2020-07-05 14:58:38,Completed,232
865,Electricity,2002-05-29 16:39:20,2002-05-29 21:47:49,Completed,242
866,Sewer,2013-07-14 08:31:28,2013-07-14 18:58:50,Completed,731
867,Sewer,2016-05-19 10:56:34,2016-05-19 19:59:02,Completed,677
868,Sewer,2002-04-05 05:21:55,2002-04-05 11:25:38,Completed,454
869,Electricity,2009-11-05 15:43:04,2009-11-05 21:56:53,Completed,643
870,Traffic Light,2019-08-08 16:02:51,2019-08-08 22:08:04,Completed,794
871,Pipeline,2015-09-29 16:15:42,2015-09-29 22:31:02,Completed,356
872,Traffic Light,2006-06-10 23:08:35,2006-06-11 01:14:03,Completed,703
873,Pipeline,2019-09-19 20:05:04,2019-09-20 05:20:15,Completed,10
874,Powerline,2014-05-19 04:42:14,2014-05-19 11:56:31,Completed,283
875,Electricity,2019-11-29 15:38:43,2019-11-29 21:08:04,Completed,600
876,Traffic Light,2006-09-27 14:49:54,2006-09-27 20:09:32,Completed,985
877,Pipeline,2014-01-25 04:48:28,2014-01-25 10:15:02,Completed,584
878,Sewer,1997-11-13 06:15:31,1997-11-13 08:25:34,Completed,694
879,Powerline,2015-04-09 23:54:37,2015-04-10 07:23:32,Completed,446
880,Road Construction,2014-11-22 05:06:20,2014-11-22 07:25:44,Completed,742
881,Road Construction,2007-02-03 22:49:40,2007-02-04 05:52:50,Completed,916
882,Road Construction,1999-10-10 07:37:38,1999-10-10 18:01:04,Completed,302
883,Pipeline,2021-09-26 22:48:35,2021-09-27 07:52:54,Completed,918
884,Sewer,1998-02-26 16:42:42,1998-02-27 01:43:51,Completed,55
885,Electricity,2019-06-16 11:56:21,2019-06-16 20:04:07,Completed,403
886,Electricity,2007-11-23 10:52:43,2007-11-23 17:12:53,Completed,54
887,Traffic Light,2015-05-22 10:04:53,2015-05-22 15:34:50,Completed,289
888,Sewer,2021-03-29 00:47:04,2021-03-29 07:14:49,Completed,833
889,Road Construction,1999-06-01 16:32:13,1999-06-01 17:54:51,Completed,612
890,Pipeline,2011-03-02 09:17:34,2011-03-02 11:35:39,Completed,237
891,Sewer,2001-08-12 00:55:45,2001-08-12 06:24:03,Completed,236
892,Sewer,2020-11-07 21:05:40,2020-11-08 02:35:44,Completed,190
893,Powerline,2000-04-05 01:25:46,2000-04-05 04:43:27,Completed,545
894,Road Construction,2013-06-18 09:12:20,2013-06-18 13:34:06,Completed,242
895,Electricity,2010-11-03 20:30:30,2010-11-03 22:47:37,Completed,285
896,Electricity,2011-01-15 00:00:32,2011-01-15 10:26:54,Completed,758
897,Sewer,1998-10-13 16:35:00,1998-10-14 01:43:59,Completed,265
898,Powerline,2015-02-23 01:50:33,2015-02-23 06:19:22,Completed,715
899,Pipeline,2017-09-19 02:52:08,2017-09-19 08:02:18,Completed,425
900,Sewer,2016-05-09 14:43:50,2016-05-09 17:54:19,Completed,509
901,Road Construction,2009-12-14 22:29:40,2009-12-15 00:55:10,Completed,535
902,Powerline,2021-05-01 21:09:04,2021-05-01 23:10:16,Completed,515
903,Pipeline,2022-05-30 21:38:10,2022-05-31 06:02:33,Completed,274
904,Powerline,1998-04-24 08:43:29,1998-04-24 15:08:45,Completed,457
905,Traffic Light,1999-05-24 23:08:47,1999-05-25 03:32:09,Completed,269
906,Sewer,2016-02-20 15:38:24,2016-02-20 22:59:48,Completed,248
907,Electricity,2006-12-03 18:56:42,2006-12-03 20:27:17,Completed,140
908,Traffic Light,2021-07-09 05:55:36,2021-07-09 11:21:02,Completed,5
909,Traffic Light,2005-11-27 04:35:11,2005-11-27 05:44:14,Completed,825
910,Electricity,2000-01-25 17:49:16,2000-01-25 22:02:58,Completed,945
911,Powerline,2001-07-10 21:35:26,2001-07-10 23:46:28,Completed,253
912,Electricity,2017-03-28 12:13:02,2017-03-28 20:33:59,Completed,245
913,Road Construction,2003-01-26 22:40:38,2003-01-27 01:55:08,Completed,968
914,Pipeline,2006-06-16 10:51:55,2006-06-16 16:03:06,Completed,821
915,Electricity,2002-06-18 12:40:48,,In Progress,729
916,Road Construction,2000-12-03 10:16:54,2000-12-03 11:22:33,Completed,378
917,Powerline,2017-10-21 12:26:07,2017-10-21 17:28:30,Completed,200
918,Pipeline,2018-11-01 07:58:48,2018-11-01 10:13:43,Completed,90
919,Road Construction,2005-10-15 09:25:14,2005-10-15 16:36:37,Completed,497
920,Road Construction,1998-07-08 05:15:07,1998-07-08 10:22:06,Completed,599
921,Pipeline,2003-01-22 23:34:32,2003-01-23 06:56:09,Completed,673
922,Traffic Light,2018-12-22 19:17:32,2018-12-23 04:39:53,Completed,242
923,Road Construction,2022-07-14 19:38:48,2022-07-15 01:00:00,Completed,534
924,Electricity,2004-12-28 22:14:07,2004-12-29 08:28:48,Completed,668
925,Powerline,2019-09-08 13:56:30,2019-09-08 21:59:40,Completed,264
926,Electricity,2018-03-09 10:09:24,2018-03-09 15:21:00,Completed,56
927,Powerline,2023-12-08 00:53:53,2023-12-08 03:19:34,Completed,370
928,Sewer,2000-07-08 08:18:34,2000-07-08 15:49:18,Completed,92
929,Pipeline,2000-06-23 00:55:42,2000-06-23 11:26:20,Completed,198
930,Road Construction,2013-07-04 02:12:04,2013-07-04 10:14:29,Completed,985
931,Road Construction,1998-01-16 13:41:26,1998-01-16 16:04:18,Completed,782
932,Powerline,2020-08-02 10:44:48,2020-08-02 20:48:02,Completed,167
933,Traffic Light,2010-02-22 13:14:35,2010-02-22 23:39:52,Completed,687
934,Sewer,2018-06-23 01:17:29,2018-06-23 05:25:00,Completed,809
935,Road Construction,2000-02-14 07:08:29,,Not Started,795
936,Traffic Light,1998-09-07 10:19:45,1998-09-07 13:37:27,Completed,819
937,Powerline,2004-01-27 01:02:23,2004-01-27 06:12:42,Completed,361
938,Pipeline,2016-12-31 17:04:34,2016-12-31 23:19:16,Completed,415
939,Sewer,2016-07-19 05:18:41,2016-07-19 14:31:47,Completed,89
940,Powerline,2015-12-06 21:41:33,2015-12-07 02:07:36,Completed,221
941,Powerline,1999-03-23 15:08:14,1999-03-23 23:09:59,Completed,961
942,Electricity,2005-04-27 23:42:31,2005-04-28 02:56:06,Completed,904
943,Pipeline,2014-02-10 17:03:37,2014-02-10 20:14:13,Completed,824
944,Electricity,2010-09-26 12:34:30,2010-09-26 22:47:33,Completed,698
945,Powerline,2012-08-04 04:32:10,2012-08-04 11:35:29,Completed,688
946,Powerline,2015-10-29 10:57:42,2015-10-29 15:22:13,Completed,332
947,Road Construction,2005-05-26 18:24:49,2005-05-27 04:51:39,Completed,718
948,Road Construction,2016-11-25 16:46:35,2016-11-26 03:17:20,Completed,220
949,Electricity,2022-10-03 18:11:20,2022-10-03 22:12:23,Completed,475
950,Traffic Light,2012-01-22 00:37:34,2012-01-22 08:38:44,Completed,572
951,Pipeline,2019-02-12 17:43:31,2019-02-12 20:55:10,Completed,251
952,Electricity,2018-01-26 11:07:38,2018-01-26 14:19:35,Completed,482
953,Powerline,2002-09-06 04:40:06,2002-09-06 07:58:22,Completed,292
954,Powerline,1999-11-06 14:19:08,1999-11-06 23:20:57,Completed,664
955,Powerline,2010-06-15 21:20:50,2010-06-16 00:27:54,Completed,753
956,Sewer,2007-06-12 06:21:12,,In Progress,81
957,Road Construction,2001-08-14 10:45:31,2001-08-14 17:04:28,Completed,32
958,Pipeline,2001-06-06 03:39:33,2001-06-06 09:52:22,Completed,629
959,Road Construction,2010-12-17 18:59:12,2010-12-18 00:18:20,Completed,57
960,Pipeline,2019-04-19 16:08:44,2019-04-19 20:19:34,Completed,456
961,Electricity,2012-07-18 14:14:46,2012-07-18 21:29:30,Completed,32
962,Powerline,2007-06-01 19:26:52,2007-06-01 20:49:29,Completed,758
963,Road Construction,2008-09-08 05:51:10,2008-09-08 16:15:14,Completed,157
964,Powerline,2015-01-27 18:16:47,,Not Started,779
965,Powerline,2017-07-13 02:11:48,2017-07-13 07:20:17,Completed,211
966,Powerline,2024-05-03 14:04:38,2024-05-03 23:21:07,Completed,519
967,Sewer,2003-11-11 05:32:17,2003-11-11 07:52:22,Completed,863
968,Pipeline,2006-04-07 15:08:42,2006-04-07 22:26:07,Completed,520
969,Pipeline,2012-03-09 16:45:05,2012-03-09 23:13:28,Completed,30
970,Sewer,2012-09-06 13:06:30,2012-09-06 21:23:18,Completed,527
971,Sewer,2017-11-05 03:53:35,2017-11-05 14:03:02,Completed,467
972,Traffic Light,2016-10-17 11:19:16,2016-10-17 14:26:32,Completed,278
973,Traffic Light,2019-07-10 23:49:04,2019-07-11 10:01:40,Completed,598
974,Pipeline,2006-11-30 16:49:36,2006-11-30 19:03:06,Completed,15
975,Sewer,2014-04-05 02:37:45,2014-04-05 04:43:31,Completed,307
976,Sewer,2008-03-13 00:58:28,2008-03-13 05:05:16,Completed,126
977,Pipeline,2013-08-31 15:49:13,2013-09-01 01:15:33,Completed,168
978,Electricity,2011-10-07 22:27:51,2011-10-07 23:35:25,Completed,181
979,Sewer,2007-11-19 03:59:41,2007-11-19 07:14:42,Completed,79
980,Electricity,2009-08-24 12:58:56,2009-08-24 14:21:55,Completed,821
981,Pipeline,2021-09-02 04:02:01,2021-09-02 05:21:02,Completed,6
982,Electricity,2020-11-24 16:53:25,2020-11-25 02:58:41,Completed,529
983,Powerline,2022-06-25 16:34:51,,Not Started,461
984,Road Construction,2017-11-29 16:10:32,2017-11-29 18:40:59,Completed,954
985,Electricity,2015-10-22 01:46:54,,In Progress,510
986,Powerline,2021-09-11 12:12:35,2021-09-11 22:19:06,Completed,138
987,Road Construction,2000-09-20 20:50:50,2000-09-20 22:51:51,Completed,747
988,Sewer,2010-05-20 12:57:48,2010-05-20 15:14:40,Completed,626
989,Electricity,2021-02-22 14:00:57,2021-02-23 00:24:31,Completed,721
990,Road Construction,2014-02-09 09:52:20,2014-02-09 17:21:26,Completed,917
991,Road Construction,2006-10-21 13:54:38,2006-10-21 20:06:41,Completed,944
992,Pipeline,2010-10-04 18:19:25,2010-10-05 04:42:41,Completed,888
993,Sewer,2011-08-25 12:18:26,2011-08-25 17:35:25,Completed,586
994,Electricity,2014-03-02 02:01:53,2014-03-02 05:25:44,Completed,211
995,Pipeline,2013-06-02 10:57:12,2013-06-02 13:16:17,Completed,190
996,Electricity,2007-12-08 09:36:22,2007-12-08 12:50:08,Completed,417
997,Road Construction,2014-10-03 18:53:04,,In Progress,250
998,Electricity,2014-12-25 10:41:46,2014-12-25 18:54:56,Completed,493
999,Sewer,1998-10-01 16:30:58,1998-10-01 18:35:20,Completed,262
1000,Electricity,2022-01-14 01:43:39,2022-01-14 04:01:46,Completed,330
