1,2006-10-11 06:01:11, 4u J   beIE0 h2fj4HPTib ,Completed,96,533,756,,28
2,2002-05-24 03:03:22,CEY534 X6th  ek,Completed,263,368,181,,18
3,1998-11-16 15:32:09,75nbyI Ke9y64g4m28  ReVHs,Completed,713,834,985,,9
4,2003-04-06 10:01:44,9vwo,Completed,640,558,192,,17
5,2018-08-30 14:03:03,Ai2r,Completed,166,240,,6,27
6,2023-05-05 21:56:51,HwPE dfF4qe1 ,Completed,396,466,180,,6
7,2001-05-05 05:41:31,538,Completed,264,418,115,,25
8,2023-06-03 13:25:49,1R7  n9wI wcIE i fA,Completed,681,523,,660,24
9,2021-06-17 00:23:12,6j ,Completed,409,659,322,,2
10,2021-07-28 00:27:34,1   5ukcK,Completed,490,77,882,,4
11,2016-04-08 01:31:27,g k70Vt 3 9SkW1BuDD2092m,Completed,959,242,176,,6
12,2014-08-22 06:44:00,ww8kR06qr6 ,Completed,277,925,396,,3
13,2001-07-29 07:32:12,1 X7hnM5  c 8aC,Completed,87,199,78,,34
14,2023-10-24 13:36:50, jlZi2n27 1s,Completed,201,728,,380,37
15,2009-07-30 09:59:00, P 8PP 9o6Vib bg0,Completed,906,264,714,,50
16,2020-01-07 00:53:21,jr nm 9TsF 7A6a u 7  hBx6,Completed,499,888,186,,7
17,2014-03-17 05:33:35, ,Completed,81,64,177,,33
18,2023-11-26 14:06:21,39L61nZNJSgM  ,Completed,29,592,41,,15
19,2010-01-08 23:34:58,37 XF7963  yu 8gnN5iWp0jK,Completed,130,642,855,,36
20,2014-09-15 01:34:01,S 4 w M,Completed,935,533,,884,14
21,2001-06-07 07:16:35,bbtf8xN H34t,Completed,792,418,715,,6
22,2014-11-04 16:50:24, o u9 M 83kU8X JB0,Completed,942,835,886,,21
23,2018-02-05 12:11:13,DBJqr70QuL 0h4y  4 QQCE,Completed,604,224,888,,47
24,2009-10-20 09:53:10,K YoH85rIWRs4dbw19v8V21,Completed,782,215,175,,19
25,1998-04-04 11:33:34, c 79lGSXoA gpHj5l61,Completed,930,219,649,,23
26,2014-04-05 05:39:16,A,Completed,190,470,358,,5
27,2021-06-03 06:05:57,35 f84u 7Gj3 3G dkb gfM,Completed,528,369,,513,50
28,2004-02-14 07:40:29,gnPo97 Dn30956h,Completed,419,132,,695,6
29,2002-11-12 05:56:41,8  CU00  42oOx,Completed,256,413,,896,38
30,2019-03-04 23:00:23,SARj01XB e,Completed,567,320,,644,13
31,2014-04-02 07:56:09,BN W aM8fi NX,Completed,421,131,844,,38
32,2016-11-24 20:14:31,b5ko4x7GfS6O3f9r4V3 M   ,Completed,678,830,766,,45
33,2009-10-24 11:13:26, 6PrNUYb814,Completed,506,219,,142,19
34,2006-11-18 23:27:25, OM  i 7eNX 1F,Completed,413,874,,164,27
35,2007-09-01 20:15:13,S0M9c3,Completed,380,911,225,,13
36,2000-09-30 05:37:47,S T J3qWU  T v9I j E2XK 2,Completed,220,410,40,,16
37,2010-11-01 19:39:04,i42U V Z2 YZRvHR 2s W,Completed,644,108,,31,33
38,2022-02-18 00:01:06, RDn51 4  mG4,Completed,19,842,546,,26
39,2019-05-11 01:21:56,3 lJF,Completed,611,372,745,,40
40,,0   cbn1g  Q7  R  6 ,In Progress,835,199,643,,19
41,2023-01-21 06:06:38,w9FL032 ,Completed,418,976,,11,49
42,2012-03-23 06:54:37,1  i4I628I9u,Completed,5,523,589,,49
43,2010-06-22 03:53:42,P5YW 23YV9 vh  0  k,Completed,34,892,362,,28
44,1998-06-01 00:42:07,N009 8Uo,Completed,671,55,22,,6
45,2003-11-28 19:03:24,5tV 2,Completed,811,161,85,,24
46,2015-11-12 22:38:15,6 ,Completed,918,217,255,,10
47,2022-05-15 21:05:06,xUaotc 6qRH6 O Rd,Completed,682,378,337,,15
48,1998-11-25 07:23:03,4 0Q lvr  B,Completed,213,196,996,,42
49,,8ih 4 s2vE,In Progress,230,502,151,,42
50,2022-01-15 21:08:58, uD iVNJHc ,Completed,396,422,,339,45
51,2013-05-16 12:45:48,72h9zwNe T MkE 3,Completed,637,737,816,,3
52,2016-02-12 09:49:22, Urz ,Completed,592,344,876,,16
53,2014-12-26 20:26:22,60Rl73PL49Hi XA0h   P,Completed,269,162,889,,15
54,2010-09-01 19:12:52,HQw ,Completed,871,669,546,,26
55,2001-06-26 01:57:25,Re 3,Completed,777,569,43,,34
56,2006-07-24 03:53:32,5 fnT e0k  wKxqUu92 P  6,Completed,689,525,,245,29
57,1999-03-12 19:33:42, j0 h Y,Completed,456,890,323,,36
58,2021-09-22 23:40:29, n2a v0  YL8C  hamqe5mo u,Completed,785,730,747,,7
59,,i7h7nBR1,In Progress,438,126,,605,17
60,2020-03-19 17:26:52,   b3 z2p550R4 P VI9I,Completed,590,243,695,,29
61,1998-01-10 22:12:48,tE Yy D  s0,Completed,607,469,943,,29
62,2018-12-20 21:54:01,9n1rUv48 ,Completed,819,178,,496,6
63,2001-10-21 13:40:29,c  n n 8qw6I R 1K8 1,Completed,669,418,,690,28
64,2000-12-29 13:25:18,9L ek ,Completed,230,605,878,,38
65,2005-01-06 19:21:45,Bu6 Jz,Completed,219,968,846,,13
66,2005-01-05 16:27:17,67 J b74715,Completed,111,20,21,,29
67,2016-02-21 15:28:25,r 9Pp8V,Completed,414,608,762,,48
68,2005-09-24 00:54:42,YDn,Completed,751,588,984,,24
69,2009-05-14 12:12:46,c0 82P3VNe8jwL xXx3 W10 ,Completed,92,488,234,,19
70,2003-03-11 15:15:17,2A wXO6A4  4 IV,Completed,792,715,,515,8
71,2011-11-19 11:35:43,a  St EKmBZ DO7 ,Completed,444,919,255,,23
72,2020-09-25 08:16:12, s  a,Completed,573,183,217,,1
73,2000-02-05 17:42:10,L76  Q4lqh ,Completed,521,759,167,,37
74,1997-08-14 10:49:14,811zT,Completed,862,814,169,,49
75,2020-11-18 20:07:53,  mwCY wvzL,Completed,350,912,267,,15
76,2003-12-15 00:14:48, 4Uj,Completed,558,305,722,,6
77,1998-04-30 10:43:02,sR   bEPz  00kLm  AJ,Completed,223,539,,561,18
78,, 53F Ez4IN1 tHi N xk2t3  ,In Progress,738,14,688,,29
79,2017-07-01 21:53:49,6Ea,Completed,442,491,878,,23
80,2010-07-05 05:22:52,0 a   z6kgq,Completed,202,154,376,,14
81,2014-04-01 16:32:46,oSbyR50gv  2  I5v  j  ,Completed,459,712,848,,18
82,2017-08-19 12:30:52,gH3jo 9qMLj,Completed,915,570,654,,6
83,2021-02-27 17:18:31,5E82 O,Completed,694,735,696,,45
84,2022-07-16 21:45:30,T,Completed,285,429,,230,19
85,,   63,Not Started,340,962,80,,17
86,2023-12-15 02:50:30,awIe6  s3l,Completed,696,391,,871,2
87,2020-06-09 09:38:43, 4SX XERB,Completed,75,49,904,,6
88,2015-11-03 15:03:43,YY 9 9oc2m6b 3,Completed,380,302,351,,10
89,2012-03-04 04:20:42,W W dnW JT n7x  1 P T,Completed,771,724,706,,17
90,2012-06-19 15:02:36,  x4oyY62viSf lR ,Completed,547,136,211,,16
91,2013-03-22 16:57:04,Z j1dJ Fzg 4emBT E,Completed,532,124,102,,11
92,2013-01-01 13:00:14,85g4P rw ,Completed,397,408,,664,44
93,1998-06-03 19:33:34,Na Msg 9F  x  h z698x0P Z,Completed,271,859,573,,25
94,2016-02-20 04:58:32,EJJ8Q t3 TQFzkd  ,Completed,702,529,757,,38
95,2018-12-20 09:29:37, W 5LMN   MHNd Agju1l39,Completed,864,209,785,,48
96,2017-11-27 08:56:35,4k u7 B mdIat02 L 72 ,Completed,872,744,,582,42
97,2001-03-01 17:14:21,Xgin nyCn,Completed,353,96,,11,47
98,2000-11-18 19:50:10, e s5v29BA73,Completed,823,550,305,,16
99,2004-07-14 03:50:40,  1k  oKlz MR,Completed,136,653,620,,47
100,1998-04-20 00:11:57,g6IDO1pVeO7 V  6 Nb iK  ,Completed,509,549,,935,37
101,2004-07-12 15:19:36,81,Completed,831,562,,864,26
102,2008-08-10 10:26:55,9j5hkQ3 Y HZKMR u,Completed,265,109,246,,44
103,2011-11-14 10:58:24,n  uyF y6nU1V,Completed,290,988,915,,26
104,2004-07-01 10:38:35, m865G3,Completed,594,637,661,,13
105,2012-09-08 13:00:29,wy4  O,Completed,32,159,249,,2
106,,    f2B8,Not Started,870,644,421,,15
107,2000-09-11 01:04:46, X7nJi  J awo7a 64,Completed,113,693,109,,27
108,2009-10-19 13:04:38,9lA  T ,Completed,137,157,268,,49
109,2005-07-25 00:07:13,lV tA  l i ,Completed,970,89,,577,42
110,2020-02-26 09:55:39, z V2 10Wh S i  ,Completed,525,26,187,,45
111,2023-08-25 20:09:32,W I5IR D z Ly79me8M I1,Completed,896,52,,153,22
112,2000-03-30 18:25:06,m,Completed,708,853,339,,43
113,2018-10-16 13:49:59,4fr1KE Q bXblcPz C  45Rs,Completed,75,481,700,,6
114,2021-12-19 06:02:24,4 ZOpQv88Ob7 o bP03 jh ,Completed,3,888,,468,12
115,2011-05-01 02:43:35,6 3To3 8 ,Completed,758,880,,477,31
116,2022-04-05 02:42:54,73N KZd cYNCox4 ha9,Completed,220,901,529,,14
117,2020-01-04 13:28:44,zyp95Cao uq3 0S37r,Completed,992,325,888,,45
118,2018-03-09 21:03:44,X l5,Completed,505,600,88,,34
119,2011-04-01 14:16:39, 4kQ61 r a0,Completed,636,636,289,,21
120,2014-05-01 09:30:50,8dF94Xtd PzrlkIww74  o  ,Completed,167,262,120,,40
121,2005-07-20 15:55:01, NsM3v4 kM  ,Completed,175,155,349,,20
122,2000-08-05 21:19:06, 6x  ,Completed,665,77,482,,5
123,2000-03-12 15:41:34,ah41uf0uGi,Completed,29,846,215,,22
124,2020-11-29 19:35:22,14DmG,Completed,388,880,576,,9
125,2002-05-15 11:17:57,Pucom 9735pdQ ,Completed,351,747,,264,5
126,2005-11-22 09:09:30,pM,Completed,458,301,831,,30
127,2009-03-11 08:49:11,cJ1CDZ,Completed,727,108,,243,11
128,2001-07-22 16:53:08,U2 cOf 6q,Completed,184,539,193,,32
129,1998-10-01 23:17:57, 1k5 y06N Q0T dZU   S ,Completed,23,210,516,,32
130,2005-04-21 04:24:08, 5j0 F4X6R   B7sK 6 ,Completed,902,461,824,,50
131,2022-05-03 05:15:39,Nm9el1fZ7 f p  9 9J4,Completed,88,974,,371,24
132,2006-11-22 05:30:57, 3   b xKt ,Completed,612,941,,442,33
133,2019-11-10 17:28:03, VZuXg9c,Completed,260,382,355,,41
134,2012-12-24 00:41:31, jId 4ZS5PBh 0,Completed,554,905,870,,3
135,2005-11-23 05:40:40,   677V LB c 1J25 ,Completed,824,545,206,,35
136,2009-01-14 01:02:45,MjYs11c 2Vt 4E8oc7h  36,Completed,900,276,495,,25
137,2024-02-03 12:35:38,vm 8hTW2gT i i96L  yW85,Completed,990,974,938,,14
138,2015-09-12 03:23:40, 3 0Cys614TV7   6,Completed,392,250,845,,21
139,2001-11-02 13:58:31,8Pxa   1XjY3  F R,Completed,913,13,,293,8
140,2003-11-15 03:42:32,z13Zk 8 5mSxc 3 ,Completed,840,647,436,,16
141,2008-01-29 08:07:36,x2  l5Ll AR9Ne Cwdva4 i,Completed,364,110,,3,28
142,2019-05-31 01:19:30,  2zVLUX W  L fX  87 d,Completed,217,898,107,,43
143,2006-02-03 05:20:15,1tINKXK NV  o5k,Completed,672,765,156,,41
144,,9  8t71    893r2Rg,In Progress,218,105,978,,46
145,2012-01-27 18:21:20, ,Completed,384,984,854,,46
146,2010-07-12 08:08:36,V 0zT RW Z1 Q270,Completed,539,444,704,,9
147,2006-11-28 14:16:11,R,Completed,962,500,583,,36
148,2000-01-27 04:18:43,5LG p  H1,Completed,351,172,260,,31
149,2016-02-07 23:22:51, 82cd7671,Completed,920,590,206,,24
150,2018-03-17 12:14:52, DpE,Completed,513,837,99,,10
151,2001-02-02 01:13:00, X4nZN7 l wvh q,Completed,465,104,767,,30
152,2021-05-08 13:19:08, t EVS72  O8R,Completed,568,267,903,,22
153,2000-01-02 18:08:58,  4r T1h,Completed,89,294,,130,16
154,2012-04-16 22:56:00,58 qe lJ 5ioK7 9T,Completed,873,877,,232,32
155,2010-08-21 08:21:44,9   a0U8,Completed,212,728,131,,20
156,2004-06-15 00:10:41,9tOL 9A5  BZ41b Y4,Completed,204,70,446,,24
157,2003-01-09 00:40:14,1k  8Dui6 1 ,Completed,503,281,909,,13
158,2008-01-29 15:14:45,5H 7 aNy 7X 1  0J,Completed,622,749,919,,14
159,2009-07-30 21:17:55,Xy V2Z Imf7Kg 4e4,Completed,190,115,249,,1
160,2015-03-31 20:12:00,5k72  C JSoF9,Completed,319,970,,132,21
161,2004-03-19 14:52:21,k 7     0S j5 YCG4o1H,Completed,971,668,,676,29
162,2021-05-10 13:24:29, Ao,Completed,499,173,8,,23
163,,n IDVMN2 E u cv KtbS cbU,In Progress,834,746,169,,47
164,2015-10-25 06:42:14,8I  IK8 M,Completed,684,531,126,,37
165,2022-08-27 01:58:43, 2  2P k4i7 X  Tp2 93PyzG,Completed,672,15,272,,16
166,1999-12-11 15:51:36,B0 Qnyi,Completed,858,403,229,,16
167,2003-03-14 15:20:53,9kf96 P,Completed,477,917,831,,49
168,1997-11-21 06:49:56,Y   yJi84K,Completed,226,142,957,,32
169,2005-09-27 02:04:02,3  1KiWKkJ2 Bs,Completed,263,846,448,,7
170,1999-11-12 15:13:41, ph A m 2 b  L0 D 1ZaweGW,Completed,938,22,150,,23
171,2014-01-20 15:48:17, 2577XfEgX oI2G,Completed,472,194,553,,43
172,,XrxLw   s g  8,Not Started,258,928,654,,18
173,1998-04-08 20:58:22,0    615DcxW5Zk WreRj,Completed,994,34,440,,29
174,2015-10-25 08:10:16,i8oo  V,Completed,446,541,,736,4
175,2008-02-11 09:44:08,H9mdaU RcEr3M3cv L7 w  ,Completed,450,870,,819,43
176,2011-11-24 00:47:03,5s  O1743m S6,Completed,25,548,457,,22
177,2004-11-22 01:56:43,K URUz ,Completed,284,341,897,,2
178,2017-04-11 04:50:20,  AS D4mGC4 ,Completed,745,645,695,,20
179,2015-03-07 06:06:31,112,Completed,111,636,52,,16
180,2010-08-13 19:51:13,hy E yh7dM4,Completed,405,813,255,,11
181,2024-06-25 04:35:03,sT  7,Completed,434,580,,702,41
182,2007-01-04 02:41:03,54,Completed,588,307,259,,5
183,2007-04-22 11:46:06,Ez  X7KE3x2Z MG,Completed,38,146,,916,10
184,2022-12-21 17:40:21,v yFR tk53naF O,Completed,325,71,,659,43
185,2012-08-13 23:25:10,  FZ iXW H Q6h8 r h1N j,Completed,345,493,28,,48
186,2016-11-12 10:59:46,oCj  E6lA,Completed,31,894,,176,24
187,1998-01-05 13:53:18,i2Z50 g YcA71fbjKd2 ,Completed,157,784,505,,49
188,2017-11-24 03:32:40,L5auQ,Completed,149,498,430,,1
189,2013-09-24 10:07:10, U,Completed,519,181,395,,12
190,2007-05-20 17:19:33,E i9jj8d,Completed,8,527,380,,18
191,2012-12-23 19:44:22,anfpy qqr30RY a,Completed,472,867,,293,46
192,2005-08-20 14:53:20,x iZjZ 9 2A37 dvB0o7 2,Completed,871,689,900,,3
193,2011-01-03 16:54:08,l4  2PQd,Completed,40,710,52,,50
194,2018-06-22 23:36:21, jEV6a C  9K0wRMYn W,Completed,690,797,113,,43
195,2023-07-12 20:58:16,5MVn Ii w,Completed,798,677,374,,2
196,2022-02-07 01:22:47,WDdZdQmk P8XB zm0,Completed,342,85,,639,21
197,2004-05-03 16:18:14,  KsHI 9zBS,Completed,972,414,678,,45
198,2020-12-05 09:33:05,0IK,Completed,602,483,43,,24
199,2014-07-27 23:25:20,CU c ,Completed,742,565,,590,2
200,2018-05-23 01:44:55,2x3l7Joew,Completed,83,467,,987,27
201,2005-09-19 15:59:28,i9YP,Completed,667,737,75,,1
202,1999-04-05 15:57:35,y2236Bs6M  hF7XtV,Completed,724,113,298,,33
203,2008-09-20 16:53:57,jUgX,Completed,156,451,243,,43
204,2011-08-29 06:58:00,   9Sxk lGy,Completed,800,709,666,,14
205,2015-06-18 07:32:43,2 z,Completed,898,866,545,,12
206,,1,In Progress,487,181,465,,12
207,2003-06-15 09:04:20,E0m48fPLMlE a,Completed,222,819,90,,48
208,1998-02-09 23:23:28,D af ,Completed,174,483,330,,36
209,2008-11-21 19:31:39,cv  79 AK 0H6MP 0  W   ,Completed,455,743,801,,43
210,2016-02-12 11:42:35,dRW9 C2KwfZJ4P 8 6Ii OIP ,Completed,530,710,510,,10
211,2008-02-12 12:46:50,Hr   nw Y32p2yCN EHWe1 x,Completed,832,153,,380,22
212,,urhJ,In Progress,487,979,,579,39
213,2017-05-15 11:35:44,5f8I4 b xj28o 92 K1,Completed,657,815,77,,9
214,2001-02-27 20:48:41, 45dR7 5B6bpU6,Completed,612,409,354,,35
215,1998-04-25 23:44:23,H e017k e158D r,Completed,113,726,891,,45
216,2016-10-10 11:31:19,xCIx Y   0rb6wF,Completed,339,666,,619,18
217,2023-10-04 22:58:53,o q1 7 LCX,Completed,426,552,,831,47
218,2021-05-09 01:56:41,r9S1y 9wt2387t 1F  ,Completed,791,538,712,,40
219,,8 UFsn D Zs D64 NpDS3,Not Started,441,601,339,,50
220,2008-06-27 15:26:35,c  TJ5 V,Completed,751,844,,637,38
221,2013-10-01 19:37:54,yqhcPCP,Completed,272,951,442,,49
222,2016-05-21 22:04:41,SI TlCUh q1Q 3i5 nal DjG,Completed,10,459,410,,13
223,2007-06-25 15:26:50, 4Tf pw94FgOW  X4SOd28  ,Completed,333,727,26,,9
224,2000-12-31 11:01:52,6cdL0i4S     U0HfW gt7  e,Completed,387,885,33,,29
225,,4v242W S 6,Not Started,64,862,729,,23
226,1999-05-24 10:19:23,sb w fQFZR,Completed,727,303,479,,25
227,,2 s 9 tQ6w  4p,Not Started,797,903,20,,47
228,2006-03-23 16:13:07, 2mR6 9P1 ,Completed,467,642,182,,24
229,2007-05-16 06:27:02,2UV a443 EEpfC5yA y,Completed,464,311,662,,31
230,2021-03-11 22:55:17,2W t,Completed,671,887,270,,3
231,2024-04-14 09:24:41,   8l2i4l 9,Completed,608,859,126,,17
232,2009-08-13 09:23:10,H  8nZ3eE,Completed,835,652,865,,15
233,2010-12-27 02:42:48,7 t,Completed,20,724,907,,23
234,2013-01-14 05:24:37,9Ok   fmagXg9 rN  F  ,Completed,861,55,949,,29
235,2007-05-29 21:53:40,065M 5 gz25 W 9tTL4310I  ,Completed,167,442,,113,9
236,,ogEijlnCu01d  0 1Ej,In Progress,874,641,61,,47
237,2020-10-27 04:58:17,84 ,Completed,974,709,48,,15
238,2000-03-28 19:09:43, kX,Completed,863,564,,31,11
239,2020-06-17 05:39:19,KL TDR1sW ,Completed,532,703,889,,50
240,2002-05-25 09:48:22,K Tl158   CeokHN 3 7F,Completed,819,178,261,,25
241,2006-02-22 19:20:02,s O8HH ,Completed,591,841,240,,31
242,2014-06-01 11:43:40, 2wCn  2D0z    X,Completed,346,594,92,,49
243,1998-11-17 19:08:25, aSsw 0nNw Omt0,Completed,381,264,,977,47
244,2017-11-17 02:49:54,  YG9ac QK  qEIl,Completed,495,876,498,,31
245,2003-04-08 16:54:57,tG691EY WX n 5,Completed,638,499,46,,1
246,2017-08-16 04:53:55,T53 jM 07  ex,Completed,222,668,911,,5
247,2019-06-25 03:29:43,D  90NCNv,Completed,298,70,332,,17
248,2015-05-06 17:43:36, sPW9v  BpXQF2kL Mx,Completed,52,974,55,,25
249,2000-08-17 06:37:09,Cd8 U09 3  0Ac4 c 0 uvH,Completed,347,732,937,,17
250,2019-11-03 08:03:50,uP Da3mF,Completed,743,884,992,,26
251,2023-09-19 07:00:08,E3WxR1  S36a882j6V   cG,Completed,664,808,692,,41
252,2000-06-17 14:29:02,sK CFi  rYY   Z z,Completed,630,697,401,,45
253,2007-03-27 07:54:13,6XhN  N 7uA 3hb,Completed,286,98,151,,46
254,2000-12-15 18:30:26,i cc8,Completed,540,951,506,,6
255,2013-12-09 07:52:09, 4I HQ0 6 s4,Completed,40,270,745,,37
256,2003-08-16 19:42:21,T  o r84,Completed,481,421,886,,34
257,1997-07-23 17:04:01,b4jG 1B4 l1fPRw0Y 4,Completed,250,158,660,,4
258,2000-10-08 18:05:21,L3g xz m1N PNMB  ,Completed,668,626,310,,38
259,2022-08-12 02:08:41,u ,Completed,443,579,717,,17
260,2009-07-18 18:32:54, sm6xo9Jc8K7vr65 ,Completed,848,855,442,,23
261,2002-05-11 02:17:03,AgC9x ,Completed,89,328,858,,19
262,2009-03-18 11:09:42,6Gee zVPt s8i c 7 W6bEz,Completed,382,59,516,,27
263,2023-07-25 13:59:11,Re6 Lvn105C9f ,Completed,834,269,93,,44
264,2002-12-01 16:22:09,11 5Ma i n K2L1  X42  7k3,Completed,456,121,688,,30
265,2018-08-04 22:14:55,da2a0j28 YZYgg941e A78  ,Completed,620,739,,16,5
266,2009-02-24 10:30:37,WDsCq16YUQD 3  s C8 2u6,Completed,846,828,226,,16
267,2022-03-31 13:51:07,jS nc4Ml w  0YT110e,Completed,620,208,48,,8
268,2009-12-29 09:00:31,Nd18N r8v V 8,Completed,815,358,1000,,11
269,2015-11-09 17:12:35,86,Completed,37,712,266,,23
270,2001-05-06 20:20:46,81bkS6vsjKksi  ,Completed,850,421,,58,42
271,2018-01-06 21:33:35,S46a,Completed,787,775,919,,42
272,2004-09-11 05:25:45,OV fGBJ ,Completed,677,632,519,,16
273,2021-06-24 01:51:57,n3sB1,Completed,516,487,472,,10
274,2015-10-01 04:59:16,4K97,Completed,157,572,680,,20
275,1997-12-10 06:40:33,LPixU,Completed,793,310,229,,1
276,2014-02-17 16:45:36,m tHr  2 o,Completed,510,406,939,,42
277,2001-02-06 12:20:20,C ,Completed,573,109,676,,35
278,1999-12-16 22:52:17,Nh  W Z1W p   r50s2 R4 ,Completed,108,561,,659,27
279,2021-07-20 21:09:46,AF ,Completed,755,930,,618,46
280,2003-08-10 21:36:39,6G79rSE  k  fdZ6o  p8,Completed,983,255,897,,48
281,2012-10-08 15:20:11,4  nTAIOgs,Completed,369,624,512,,10
282,2015-03-16 11:09:38,28v,Completed,538,642,,873,46
283,2011-08-28 19:31:48,9Ajv o3  9Bcx r4 5,Completed,84,166,,796,21
284,2015-09-16 04:55:04,6  c U98Q,Completed,215,113,613,,4
285,2019-01-19 17:56:57, ,Completed,197,944,,890,18
286,2005-08-29 13:00:08,k   0A 5c  SK57ExEspJ,Completed,382,944,,740,35
287,2020-01-18 12:22:18,9OjtC7cO34 ,Completed,991,491,853,,11
288,,6 B 9d ,Not Started,753,716,794,,41
289,2018-07-20 08:42:46,3YK,Completed,798,189,101,,50
290,2006-06-24 16:01:53, 1 s ,Completed,510,489,,208,40
291,2012-08-12 17:29:29, 1  glsqO9O695,Completed,419,594,912,,19
292,2004-10-11 06:51:41,0sW913Uy6M62lG 7f ,Completed,180,129,428,,36
293,2009-11-26 15:22:40, bR  Nu3  44n 4Ks183JfU,Completed,416,234,827,,16
294,2012-05-24 08:58:34,NgTW X4 z5Mb86B2j9,Completed,869,577,122,,39
295,2010-09-07 00:46:46,h4zxb3 JA1B 0tB,Completed,6,366,14,,15
296,1997-12-09 12:33:58,uT e P Bm dV2R,Completed,174,586,830,,1
297,2008-02-04 01:42:47, X z K Rr LY6UB 8R b2,Completed,682,650,456,,15
298,2011-08-18 15:18:25,Xt7v4HROn 5z5 m LY,Completed,242,502,601,,36
299,2011-04-07 09:53:41, Uk,Completed,242,506,238,,35
300,2000-04-05 12:58:02,K77 ,Completed,282,418,375,,5
301,2000-07-30 00:28:06,D8u,Completed,776,356,814,,14
302,2023-06-28 06:29:24,64nfM,Completed,453,831,964,,46
303,2007-10-13 12:25:58, b az4 4v r4Gd50  t26JqI5,Completed,314,344,12,,40
304,2000-09-16 14:18:44,SKi00Wgoi43 ,Completed,695,960,158,,12
305,2000-12-17 21:15:47,6anD NLH ,Completed,46,73,326,,23
306,2015-03-26 03:05:29,h  K47A ,Completed,944,345,708,,13
307,2006-10-20 23:01:58,t 8 HRVIY560W1P2P 5sTlc,Completed,404,130,255,,6
308,1998-05-14 00:47:26,M W O4d ,Completed,480,967,514,,10
309,2003-02-21 08:10:07,fv w  74z yIc2 5,Completed,878,178,201,,34
310,2007-07-31 13:49:21,M 6Zx9QT 9X0ra zG  t5,Completed,892,61,967,,25
311,2023-02-26 13:24:07,YH kV 27Fu0Di,Completed,808,980,717,,4
312,, 5w   ,In Progress,159,243,503,,3
313,1997-11-20 07:40:01,8sbd6qpu,Completed,380,697,801,,7
314,, dtZj 70S IS 7  xqgjmf ,In Progress,14,625,217,,23
315,2019-11-30 16:08:16,3H8 G i    ,Completed,745,879,554,,14
316,2016-08-13 18:11:12,9kFY,Completed,398,139,347,,26
317,2014-06-19 12:14:25,L49qI3 3p U 0597,Completed,686,316,407,,9
318,2012-04-23 17:06:37,MmWkJx6v  5Koa0K,Completed,84,118,73,,48
319,2014-08-29 22:39:15,97 d 894,Completed,101,488,142,,40
320,2011-03-10 10:59:05, 7g534qG59 f TsxByj,Completed,534,20,,945,14
321,2008-02-28 09:30:08,5,Completed,283,427,,557,44
322,1999-08-16 17:26:59,y8z8U 2,Completed,63,580,165,,33
323,1997-08-02 20:46:07,C0k,Completed,152,781,953,,20
324,,8AT l3C12,In Progress,75,101,731,,19
325,2016-08-27 08:07:50,3e p6,Completed,307,753,22,,24
326,2003-06-13 20:29:08,VlQG tEHZbQLR,Completed,768,181,599,,24
327,2013-07-15 06:30:18,80q3fI07y3h,Completed,152,552,216,,4
328,2019-06-17 18:46:30,Kb,Completed,257,716,560,,14
329,2010-05-11 09:11:46,mw 5 mj3,Completed,484,356,,261,27
330,2019-06-30 06:09:50,9si1  gGA  v XX ujq1g,Completed,193,609,457,,6
331,2004-02-08 05:58:24, GtB7 f3h QxT S0K5I51y,Completed,177,509,97,,49
332,,67  ,In Progress,584,493,,688,42
333,2014-05-11 13:51:38,J3A1q6 Vrf B77Ft Ly,Completed,936,217,808,,11
334,2006-07-26 14:13:25,xC36E M 664 X  Hn6F,Completed,480,637,276,,47
335,2020-04-15 00:48:28,6 B2  B Ci ,Completed,531,659,453,,30
336,2009-09-29 16:39:38,3  5b4nH,Completed,152,546,402,,46
337,2017-08-18 10:18:00,Ygn0Q1 u93      Xk,Completed,439,925,483,,32
338,2010-06-06 05:31:45,7 8,Completed,443,161,147,,2
339,2017-03-11 07:30:53,7PJGv VBOAVT xzwrT ,Completed,255,521,279,,10
340,2015-01-22 11:58:28,H41DSN 7 B y0nZBm ,Completed,264,967,269,,17
341,2004-02-08 11:51:56,DV3Dim W9  43Wj DW ,Completed,113,867,791,,18
342,2019-10-08 21:56:30,9u U i IvD  80 ewS u,Completed,357,492,,271,23
343,,0ynN,In Progress,298,684,33,,48
344,2015-09-18 03:26:51,MlXF0a0yt f,Completed,289,805,978,,12
345,2023-11-13 15:27:09,Y81hSH6AY ,Completed,606,120,241,,13
346,2004-05-20 17:07:49,    34B7s,Completed,685,294,,47,33
347,2001-01-26 06:27:44,Vu,Completed,514,710,780,,10
348,2007-12-07 19:55:53,0Z 9sW,Completed,105,321,70,,49
349,2004-11-02 01:34:58, 41  6eW PE0 oWnv1u3 Q6W,Completed,10,581,694,,42
350,1998-10-10 14:33:56,Xt oxkj2o2LRO8  ARyr80,Completed,335,146,360,,47
351,,q3FVd1eX6 3w4,In Progress,237,638,999,,33
352,2001-10-27 18:05:34,x80A23  Pz 5  t l6,Completed,970,935,214,,10
353,2006-07-29 06:13:41, 16e m1d 5f7 2Q7 5 ,Completed,237,140,,503,13
354,2005-08-02 06:26:51,ovc b ,Completed,985,25,214,,47
355,2010-09-21 14:14:54,0 Z3t1Q2Ry,Completed,303,926,737,,44
356,2017-06-30 12:54:01, kg k,Completed,870,764,,963,4
357,1998-06-11 22:00:31,Ny9p R F  Uvf5dg    Dj  6,Completed,111,359,621,,48
358,2016-08-25 18:43:58,78W QsH6 5056Vtc7BL,Completed,352,160,994,,41
359,2004-10-02 12:48:50, qiD,Completed,96,148,87,,8
360,1999-07-09 06:01:40, u5VB2b08,Completed,392,285,836,,11
361,2022-05-04 14:20:20,25J9DjFoPmO1 T 41  ,Completed,172,440,179,,26
362,1999-03-03 06:17:23,Xynv14WXA,Completed,438,784,863,,18
363,2009-09-02 12:08:13,4R3R2,Completed,531,51,846,,48
364,2009-02-28 02:29:57,61oi ,Completed,297,205,,878,5
365,2018-09-27 11:15:37,Op84AZZ1 M W XQ,Completed,21,339,,186,48
366,,g  a Nc24Os  ,In Progress,424,193,,378,21
367,2016-07-20 07:37:42,XoN3,Completed,641,485,105,,11
368,2000-04-04 10:07:02,gu9Q aGd mg 5g19  k,Completed,575,804,658,,27
369,2020-08-09 05:31:36,G 9oy7 G 0rt U  z,Completed,336,332,522,,6
370,2004-01-08 08:10:38,Sz9f Li01    ,Completed,63,631,421,,43
371,2022-04-28 00:55:07, esA X uT8,Completed,262,599,,488,47
372,2000-05-16 14:05:46,i3o   r R   ,Completed,285,627,869,,27
373,2016-07-18 08:30:09,   7n1x68 tk78 0xX W8Zf,Completed,617,963,,602,33
374,2018-02-26 04:18:28,PFvv9 8z3R,Completed,960,76,703,,9
375,,tQ7 t0AO7Q0Zdo8spLGv  14,In Progress,945,251,575,,1
376,2009-07-20 10:13:36,399f2Xu,Completed,19,261,635,,23
377,2006-04-28 20:52:52, 3 9  05,Completed,845,408,,937,8
378,2004-11-25 03:51:28, Fj AX210,Completed,688,460,203,,13
379,2011-07-29 09:14:39,W x  2b 1 9fdAFGCd 173,Completed,339,706,485,,41
380,2019-04-29 17:46:26,  VVEuf3xF19m  4k p8onN ,Completed,781,48,923,,3
381,1999-01-19 08:48:47,B r 84AJhVr69jFA G6,Completed,233,155,391,,46
382,2007-11-28 17:06:57,74FN 4J G,Completed,893,712,896,,46
383,2011-06-17 14:26:27, AuOitQ,Completed,860,720,526,,37
384,2018-05-25 19:17:56,5  h0  Tl5O hl  5Fz 9 yd ,Completed,325,824,,983,40
385,2015-11-27 15:17:40,94D TOZ,Completed,771,200,,375,22
386,2023-06-03 16:38:37,x3 sAtQ8f ,Completed,941,85,386,,38
387,2003-04-17 23:58:18, Bk3,Completed,838,578,342,,6
388,2007-10-21 00:56:12,C8,Completed,185,189,374,,10
389,1998-02-04 05:00:45, 2Y  H jV 3vTg7,Completed,16,493,81,,21
390,2013-06-23 01:25:45,TcFm0GJ2246 d 8LFQ ,Completed,752,605,,6,25
391,,BtQ,In Progress,620,249,889,,36
392,2023-08-10 20:42:27,ABs 9C  iCTP ,Completed,332,602,986,,42
393,2010-04-22 05:15:17,vtkjn4u  v 9  F95391Ft,Completed,794,386,532,,26
394,2001-04-03 14:10:28,t6T l0PB Y7 ri,Completed,171,417,728,,32
395,2024-05-25 03:45:02,919i o   IQ9 7lYEzex4 ,Completed,698,944,371,,19
396,2009-04-25 15:30:49,ouF 8 wAI b 4bc2,Completed,217,49,,523,33
397,2012-12-12 03:10:20, o mN l8gol 6,Completed,515,670,,694,22
398,,11,Not Started,742,574,,493,50
399,2023-11-15 16:42:59,e99Pym2U2De0CQaeB,Completed,607,325,426,,48
400,2009-10-14 20:41:44,Ji y,Completed,527,138,613,,23
401,2019-02-26 02:44:04, J 7O7QJTk3,Completed,376,256,,697,37
402,2010-05-04 12:34:30,Ifbp  B  NM2Xuz wjU7y,Completed,668,708,,516,32
403,2007-10-11 23:08:24, pCB7y2 4E,Completed,415,666,249,,47
404,2011-09-12 16:40:50,u  Q 8r uFa QdE,Completed,64,117,537,,24
405,2023-04-09 02:13:17, h H2XNA 2a1v K,Completed,906,637,,880,40
406,2012-08-22 06:26:39, lO  ,Completed,529,185,,143,30
407,2010-08-01 21:44:55,K 0wY l ,Completed,720,638,901,,11
408,2022-12-05 20:05:58,   37   R X B O957 9bI ,Completed,668,609,,815,29
409,2008-09-22 15:48:25,J6Qw,Completed,466,131,252,,27
410,2023-06-23 17:11:39, 3 0,Completed,240,163,140,,18
411,2021-04-12 03:55:25,o7T MEqI0F3Z g  3W  wH,Completed,974,705,,68,23
412,2023-12-22 02:33:48,0D 534ec39Z,Completed,707,769,603,,29
413,2020-02-20 23:10:18,bl BL DtR m21 h8JG ,Completed,715,302,,291,4
414,2008-08-17 04:32:39, pQLx3ob,Completed,133,773,91,,4
415,2024-02-14 12:54:32,2VAO5d6sU,Completed,534,874,714,,21
416,1999-07-16 18:14:44,LN B3rV88i 8p rjr b282 5o,Completed,276,74,387,,29
417,2018-07-01 07:15:29,3 ,Completed,519,798,,255,3
418,2006-03-23 18:07:57,F3  u  lLk 0   Mu,Completed,970,647,8,,25
419,2008-09-06 14:14:09, dU 4d 6E,Completed,291,414,127,,33
420,2006-03-25 03:58:17,paR  J,Completed,212,82,974,,35
421,2004-12-13 18:48:35,3 s,Completed,686,683,111,,25
422,2023-07-02 12:55:55,q 240 E a  3 h 7,Completed,420,87,214,,31
423,2018-01-16 07:46:20,7f8,Completed,422,788,238,,47
424,2016-04-11 14:38:16,   ,Completed,65,113,127,,48
425,2017-07-17 09:24:59,U uy u8hKze7Xs ,Completed,564,631,816,,46
426,2018-02-23 12:45:26,h 3Z4Qz,Completed,461,130,,885,12
427,2009-10-04 01:39:05,E02Ov 0  x6BSE,Completed,36,754,694,,37
428,2014-03-28 19:15:54,Blr,Completed,337,436,113,,42
429,2011-06-03 14:36:28,q  SCz,Completed,645,369,566,,25
430,2024-07-02 17:45:17,jH  fyqe4 3V 7Xdd c6U6m2,Completed,108,670,620,,9
431,2000-03-16 16:38:03,gM0Em Z  7lbv2cE83 S,Completed,114,204,437,,47
432,2018-05-05 15:13:10, n l4x4f3wV8f1I 8dHW X  ,Completed,144,265,643,,31
433,2002-08-19 08:00:57,Zw68  b,Completed,791,694,782,,8
434,2009-08-17 12:08:15,  p14waF s,Completed,322,967,,470,22
435,1999-07-16 20:17:34, wBg  B8b wuO OiKA5pq,Completed,888,951,868,,50
436,2009-11-18 02:30:57, Z 4,Completed,705,555,,46,12
437,2004-01-23 07:38:07,mJOqoU63,Completed,217,289,681,,21
438,2004-12-14 16:52:32,aTZ e3 kz30iKs5K tMs,Completed,546,917,,438,47
439,2013-05-12 00:57:59,  pi,Completed,168,879,955,,22
440,2003-04-18 16:17:27,K dF mHKu8 n b,Completed,286,17,283,,34
441,2011-07-04 12:14:12, Xg3P AD j   Gah ,Completed,810,123,486,,26
442,,afYc4 9TUjCz a   o,Not Started,140,869,889,,17
443,1999-01-13 19:31:35,4y,Completed,998,590,892,,48
444,2015-04-20 15:25:12,v Nq22L,Completed,466,230,488,,31
445,2007-03-11 10:30:28,N 9f6RM50 dtx2 DvWAh9M0,Completed,896,658,,864,31
446,2018-10-11 14:02:39,  OJ4k3Jf,Completed,119,731,120,,35
447,1999-11-16 06:41:27,G  kuN,Completed,441,829,307,,35
448,2023-06-24 08:56:12,5H0v 5E1C3i,Completed,241,101,704,,43
449,2022-02-01 17:52:52, Zq  SR   lC XF AK,Completed,965,299,202,,48
450,2016-08-15 22:30:23,mUd nT6UCTi dD aq,Completed,979,74,748,,4
451,2018-06-20 13:56:58,ZC9,Completed,265,343,652,,28
452,2005-01-25 13:21:18,A,Completed,1000,853,827,,49
453,2007-07-04 02:06:23, JIN20,Completed,758,926,,796,13
454,2021-07-07 22:31:31,EGFOo rB 59   995VqQKk,Completed,944,459,111,,25
455,2001-04-04 13:03:19, fN4M9w9 6hE ,Completed,853,568,407,,16
456,2004-04-14 02:59:40,   o3p47M,Completed,392,912,936,,50
457,2010-10-04 05:00:28, gXbg 83Q ,Completed,364,996,914,,5
458,2006-01-26 14:38:12,x672yX ke3kUa0Tg5,Completed,576,119,,65,44
459,2021-03-04 08:05:25, E8855F,Completed,387,922,336,,31
460,2001-11-12 12:03:43,Ls,Completed,906,299,2,,26
461,2016-04-22 07:31:13,f0Z297Ol8X,Completed,690,12,250,,35
462,1998-11-13 10:38:29,Hz,Completed,547,439,,973,35
463,2015-06-21 12:16:33,BK0 OJafi 6b7W 05T0 388,Completed,755,782,373,,9
464,2004-07-08 13:45:26,0zz Q6uFJ1BSj3D,Completed,730,660,535,,30
465,,6 FTjzf9 h7k Qk9i,Not Started,317,253,210,,7
466,2008-05-09 07:28:53, ,Completed,899,233,303,,40
467,2013-04-27 20:23:20,I,Completed,150,130,,27,33
468,2012-10-22 12:14:06,UI14C387zu59Tx 2,Completed,887,723,113,,13
469,2006-01-18 07:27:06, L 9,Completed,324,665,,506,7
470,,  EF2 3,In Progress,914,590,316,,3
471,2014-08-02 07:29:16, 11KL 6E I ,Completed,615,37,,982,27
472,2017-09-13 05:46:41,  BIhwAnVr,Completed,657,568,958,,28
473,2012-04-22 18:12:49,f 8,Completed,250,102,,287,11
474,,20Ffda3O9 8 C9 506A1  pDU,Not Started,528,83,488,,40
475,1999-04-06 18:15:35, Q06Hy 3521O71Nc,Completed,689,955,660,,4
476,2011-01-14 01:29:43,06n g 8BYX m  ,Completed,993,692,175,,1
477,2023-06-27 05:23:33,o2  U 1y pa9,Completed,219,178,335,,43
478,2017-06-16 17:02:26,c86NHxqa,Completed,167,856,750,,3
479,2005-12-09 12:55:13,26H ,Completed,835,300,156,,1
480,2019-10-28 03:16:35, ,Completed,193,233,590,,7
481,2023-11-16 02:45:16,U y7 8 O91yZm 30  ,Completed,264,842,994,,13
482,2002-05-18 05:12:00,V6 xN YQ U i,Completed,819,369,579,,48
483,2003-09-06 17:51:20, 7 fPA   WTuS bx7bL7I,Completed,773,826,,781,4
484,1999-07-29 15:00:06,4w60361c 8E WI  9 3kaBX5 ,Completed,259,49,226,,25
485,2005-04-28 14:38:48,6X2DNR2Wxxe2U9T5S VD 23,Completed,896,435,,952,37
486,2009-06-01 19:18:14,6 5O  w9w41 2aYYVue4Q,Completed,849,23,515,,7
487,2008-07-16 06:02:42,4hi C8  i1t6umOR dsx Q ,Completed,574,932,,714,21
488,, W0 9IN 8bz7   n,In Progress,989,729,909,,42
489,2021-07-20 01:01:22,y,Completed,139,75,677,,34
490,2020-04-27 18:05:31, evJ4onN3 X q7o IwD9,Completed,116,148,416,,36
491,1998-07-28 15:12:55,ajmn5 ds1YlA,Completed,149,997,,926,39
492,2021-05-20 15:32:08,AXWElu 9U3 53j4pi,Completed,580,460,460,,42
493,1999-08-31 20:46:23,aq5 67 RR,Completed,429,976,,473,46
494,,D0X oTHx   i9y0z3UoS5x,Not Started,529,499,752,,34
495,2013-11-09 08:00:23, e B2 M,Completed,206,776,777,,49
496,1999-10-16 04:01:51,v Rkyo2,Completed,381,923,425,,20
497,,237F c 3a a1Z j7 ,Not Started,999,819,839,,31
498,1999-02-03 09:02:55, l6BaX  N6D1UmUQU WY 8,Completed,199,218,,984,40
499,2003-10-19 09:49:08,78emH1 jU   x,Completed,492,51,,786,20
500,2019-10-11 16:00:00, 6R28Ws7 Yf pn,Completed,222,672,704,,31
501,2014-08-21 10:07:11,jlJo R,Completed,130,42,374,,16
502,2016-05-03 16:10:57,  33Vv  ciHLy,Completed,848,213,,625,42
503,2003-09-12 12:03:42,Z s 1,Completed,117,352,18,,3
504,,wxOfC0 6hr0j  2ikm,In Progress,428,383,958,,17
505,2000-03-31 05:15:34, QP5yn 1v d6m5 w3BE 1g2 1,Completed,824,800,,150,26
506,2021-10-25 13:50:47,9 lnHUpYRu103P VG6  5 g ,Completed,806,620,,124,4
507,2016-06-04 06:27:07,5K7XCN1   Q3  oV p 04WGp,Completed,549,775,,412,23
508,1999-07-18 02:35:47,ZH 38uT p CQH6,Completed,590,834,834,,47
509,, A 3L8so4 9  0o iiA Xz4,Not Started,695,263,987,,14
510,2007-02-11 20:11:03,N6c  6     L1ZXJ0a0V6,Completed,782,79,,884,24
511,2019-01-16 00:53:29, Qv7,Completed,572,705,478,,10
512,1998-12-17 11:09:36,XZ8 mkzTut,Completed,869,92,,782,30
513,2009-03-22 00:13:27,3iNL,Completed,924,761,,79,17
514,2005-05-26 15:29:34, w1Hkw6rr0W9rMr,Completed,958,624,213,,8
515,1999-09-17 15:19:31,5caHF4VH4uAw14 kM7KO56G,Completed,744,888,,407,4
516,2002-04-07 00:44:59,IkL,Completed,348,554,268,,11
517,2020-10-17 19:53:57,Pu3,Completed,208,266,665,,21
518,2006-07-25 06:48:52,yc9   m R w3kP M TdX,Completed,519,399,457,,7
519,2013-10-02 21:00:06,cV8 0P2m87 IZ,Completed,475,15,79,,34
520,1999-08-26 11:14:01,OXSpiYW1nMLeuuFU3,Completed,684,723,122,,26
521,2003-08-19 08:01:25,  J L395V uV  S UT7L ,Completed,983,55,323,,27
522,2017-08-16 12:34:36,Zes7T  LGX 8o7J r,Completed,735,449,294,,32
523,2011-11-18 10:41:39, oeo8 3 Acn  N 6 D 8,Completed,494,150,634,,10
524,2003-10-02 01:37:01,TIM FvIU  nZ6QU2Ji 1wfLfd,Completed,514,133,882,,37
525,2019-08-04 05:05:12, sw 01mO nb i56W,Completed,978,920,392,,10
526,2003-04-15 12:36:16,V  u2 00R  r  dX,Completed,658,746,232,,43
527,2011-04-04 13:37:51,  ,Completed,62,405,28,,17
528,2023-02-03 06:42:23,6fk3 15 6l dbk9 3,Completed,512,630,192,,26
529,2012-09-10 05:31:40,w 583rGo  3v113,Completed,306,8,105,,12
530,2013-06-17 16:49:34,Xi,Completed,634,570,472,,28
531,2006-07-14 14:19:20, 4y931TkP   4J6WDc 1tR5g,Completed,36,895,955,,19
532,2003-11-28 22:21:16, t 4ws 1kfKbb  44H  ,Completed,99,643,,364,13
533,2005-12-22 21:42:47,JBGjK,Completed,420,553,466,,50
534,1999-06-10 13:29:34, 0ho12rc 8  ,Completed,15,414,237,,36
535,2018-01-27 10:37:00,6AdeVZ CA7Jj54 3180,Completed,555,546,747,,42
536,2000-03-11 09:36:26,6  P M j,Completed,185,152,949,,31
537,1998-02-15 07:40:01,3o 3 T1,Completed,195,243,255,,13
538,2021-08-31 10:06:41,FMeoytFw9T90Lg18  0Xfw,Completed,678,416,282,,31
539,2016-10-26 02:23:18,d8 X9 DyjFZw ,Completed,254,897,,545,17
540,1997-10-08 04:09:16,1 8 F0  FAW4suD7 6,Completed,756,489,,189,2
541,2020-06-19 06:41:47,r 3 R 2r 716i  d3O8 i ,Completed,175,826,,315,25
542,2020-12-07 09:31:25,3O85700A K5   kGR F8 6,Completed,923,421,375,,16
543,2002-05-14 02:24:35,5L l1vFaGn,Completed,525,698,322,,5
544,2014-05-08 07:52:14,v 2pJz52,Completed,93,87,948,,5
545,2014-02-19 00:25:35, jc  9b  v P EZ6 c174l,Completed,233,369,645,,5
546,2020-08-30 05:24:16,wZI,Completed,62,629,228,,17
547,2018-05-16 12:57:27,Qy 9,Completed,783,161,152,,26
548,2006-03-25 14:30:07,9ytAE89rD Q 6g J 44,Completed,960,912,398,,50
549,2021-02-07 13:42:40,  I48,Completed,613,185,8,,21
550,2020-10-04 15:50:16,w5sys W,Completed,759,655,767,,21
551,2023-03-28 06:42:34,q55xvhYq08i43N 4c3s Y,Completed,991,518,481,,14
552,2021-12-03 08:50:43,4,Completed,361,653,925,,25
553,2014-12-06 00:59:40, I 4 UMG6Y2 z  ,Completed,243,121,,277,22
554,2020-01-20 10:20:03,75 Y or 98n D4f  ,Completed,582,975,109,,27
555,1998-02-02 05:54:14,G9SW18ExG N C F RN8kZ ,Completed,998,820,,399,27
556,2005-05-29 14:07:06,QoNNu3u 32 1JO8,Completed,220,964,969,,50
557,2016-06-21 08:16:46, Fb   me52JAbx1h S 3 N  ,Completed,97,788,,247,26
558,2021-05-14 23:19:39,7  1MU,Completed,425,765,454,,16
559,1999-09-23 03:58:44,C2bCJ    Iy7Oofq,Completed,62,478,482,,1
560,2000-07-03 18:23:20,  a97Y VbB5U,Completed,251,163,257,,38
561,2006-07-19 15:02:30,t603 x  3ds   T 4 ,Completed,433,734,446,,19
562,2001-08-02 09:35:09,  o 0NU U 8 5,Completed,265,756,386,,32
563,2006-01-11 21:59:09,FQbS0,Completed,639,725,828,,44
564,2013-08-27 03:58:03,5,Completed,541,85,,707,7
565,1999-11-28 06:31:35,g 13 ,Completed,777,697,826,,46
566,2008-06-11 21:16:22,b89 d ,Completed,681,481,330,,25
567,2023-10-21 00:35:14,X5   M2 ,Completed,20,482,,570,41
568,2023-07-06 05:11:49,6w Ju5 0G  MjUnN,Completed,779,889,566,,28
569,2015-01-07 19:29:22,n zXW 5523 ,Completed,468,281,127,,20
570,,K VQOWwP8 TX9 ,In Progress,378,940,815,,4
571,2016-08-28 10:05:54,O7    da19  NT4  Pq Q,Completed,482,62,376,,46
572,2012-10-03 09:45:16,  3a 61H8vZ 12o1atoM,Completed,855,68,,957,1
573,2007-09-17 07:38:34,i3qVOFV67ugR,Completed,206,81,71,,33
574,2004-07-28 21:42:46,7 S 0yNn K kO Z4l ,Completed,819,836,815,,16
575,2007-08-01 07:11:33,DU5a7m39 h w 1s6M,Completed,849,1000,147,,12
576,2009-01-17 09:04:46,c835,Completed,734,992,390,,7
577,2024-06-27 00:41:20,a74  g7rJM6el   0 t8 Q 9 ,Completed,864,209,948,,41
578,2020-03-11 00:06:56,2IPHU6Xqg 0sUJ5N,Completed,521,264,36,,4
579,2000-11-22 09:06:39,9Z0Gt c03mh,Completed,701,27,147,,17
580,2023-11-09 18:54:40,L B LQU 5,Completed,798,707,152,,50
581,1999-09-09 07:38:34,D1fx0NAuuT cj xcUv xEI6P,Completed,684,653,,188,18
582,2013-05-09 19:36:01,0LvWJ  c,Completed,80,212,835,,19
583,2000-08-28 07:38:10,S 515  T8m,Completed,808,303,436,,31
584,2016-02-05 16:12:17, xa1,Completed,64,536,943,,37
585,2023-09-16 02:28:29,3f  i4y9m5 r4RR83 o ,Completed,100,704,,125,39
586,2019-08-25 21:33:34, xu  D mS,Completed,598,654,395,,23
587,2003-01-07 23:53:26,PfW I5U55 7,Completed,569,579,984,,48
588,2002-08-27 21:08:35, 1 AI8 B Zna8S  Q0n  Aq,Completed,997,235,,722,33
589,2001-06-14 19:18:09,p 0 Bp0j R6 is E0 ,Completed,985,148,961,,19
590,2014-12-31 23:38:28, byW tr  ,Completed,394,303,695,,11
591,2022-07-01 11:41:43,lRxcc,Completed,298,193,481,,44
592,2017-08-17 17:20:08, 2 166v 6 y5bg,Completed,473,362,233,,1
593,2004-04-18 05:57:02,X fI G7pz U ,Completed,141,847,,726,43
594,2001-06-27 22:22:15, 7Xf9,Completed,8,618,,108,24
595,2011-04-02 14:16:30, D4l,Completed,98,784,,467,16
596,1997-11-14 06:12:09,l    ,Completed,818,83,681,,29
597,2014-07-11 10:27:16,0 0   A ,Completed,125,886,594,,39
598,2008-10-18 09:02:34,  Q 1J c8MN e 2,Completed,618,822,909,,20
599,2014-12-17 06:36:13,hd M  A,Completed,581,587,945,,20
600,2019-06-03 01:41:24,0Y,Completed,219,34,599,,31
601,1997-08-28 05:09:39,ECb1 6a,Completed,196,178,653,,38
602,2005-05-26 19:43:31,  J  ,Completed,784,399,550,,19
603,2014-06-14 07:42:48,pax,Completed,301,353,709,,48
604,2019-08-04 05:38:50,29C8e6U4,Completed,270,82,,969,3
605,2007-12-19 05:46:20,e,Completed,468,637,932,,24
606,2004-03-26 09:43:08,oSj rgv2aT T19ppoaC,Completed,919,421,892,,9
607,2005-06-18 15:54:49,L 7B8GU,Completed,132,652,567,,22
608,2023-04-10 03:18:54,4Y05T  fd97A,Completed,682,378,,676,15
609,2018-11-03 17:43:50,9  m7r Fh 3 qU2M LiNP,Completed,132,67,141,,9
610,,TTu 7a1 td1hbRq0,Not Started,366,21,356,,41
611,2000-08-16 11:43:14, Jv 6k 1,Completed,401,293,773,,41
612,2014-09-21 07:25:34,t 4Q m  Ej36Z Z ,Completed,595,503,,631,35
613,2022-01-31 23:33:26,qezlPw60L Gm5Db1d,Completed,951,422,879,,41
614,2022-04-12 12:22:53,  D6C806,Completed,238,210,,627,34
615,2013-09-23 14:25:05,G uQ8  Ci  k e0 t,Completed,887,781,,653,28
616,2024-02-05 09:45:47,05 DoI7 231M667L0  Qr3F2Q,Completed,983,945,727,,45
617,2017-02-13 06:58:53,rg,Completed,236,981,641,,1
618,,Bw,Not Started,449,201,,173,11
619,2006-06-24 04:09:25, URzTK Yvx9om r 5 GW G  ,Completed,902,406,610,,24
620,2004-01-15 06:30:03, IdXBd G8j 7E s2Gd0,Completed,509,863,736,,41
621,2006-08-11 11:31:34, 4 ,Completed,179,438,,726,43
622,2003-10-19 13:00:40,0r 6IR 9IgJP5 n G8898zmx,Completed,987,513,511,,34
623,2000-07-28 19:30:43,I,Completed,806,212,,424,34
624,2019-05-18 13:58:46,z AJnkHR  9Y,Completed,673,706,769,,24
625,2019-03-27 20:48:07,2 8j2 b27W7,Completed,719,629,776,,8
626,2000-07-22 07:03:05, BsK1978 OP89VS7m 8h1lJF2,Completed,289,897,55,,13
627,2008-12-21 12:15:26,06K8 UZ4v KJ J6  9Y,Completed,907,770,967,,14
628,2018-10-24 13:58:32, 7okAx aZ w2yi zGOlK4,Completed,889,239,526,,5
629,2020-03-28 14:02:20,b686 CeyT8,Completed,165,908,,529,49
630,2000-10-01 20:01:41,Y2u  n  5po,Completed,629,877,583,,26
631,2012-08-09 20:45:44,6   ,Completed,341,458,20,,29
632,2020-06-28 08:35:54, Nqdu9BOkxYQ3 BlRGm2QpC2,Completed,466,438,955,,39
633,2023-09-15 12:36:58,94 034vE2 B I Q KDw1,Completed,553,580,798,,31
634,1999-08-17 03:57:26,j60  xl I 0 w P 1 o,Completed,401,481,,799,19
635,1998-03-13 14:35:31,dKt tx2t5 94 RD,Completed,631,789,,606,47
636,2009-02-25 14:42:35,FcNddsB6trE S,Completed,527,856,621,,8
637,2018-03-04 21:05:07, ,Completed,51,782,181,,30
638,2003-10-19 13:51:06, M Yq8e  Y ,Completed,855,557,985,,37
639,2022-07-03 17:47:22,p ZzV dn30CczL   Sv,Completed,857,237,791,,16
640,2011-12-22 22:07:44, VW34 S     KRsQkhk qNydF,Completed,252,967,,721,11
641,2004-08-27 09:10:22,8rG43 g LS LGw,Completed,75,704,941,,7
642,2000-05-15 05:06:26, Qeurt,Completed,409,942,243,,41
643,2018-01-04 07:09:11, q9 p 3T0B2S ,Completed,694,994,,11,40
644,2018-08-31 06:19:57,1 6  HxuT2C  FPhxqW,Completed,215,46,,78,40
645,2021-12-15 03:16:39,E  74o6E4,Completed,808,422,297,,42
646,2001-03-05 06:01:43, Hfd f U6 P MD wEs1F N38O,Completed,231,678,660,,37
647,2004-04-07 02:38:57, k4d,Completed,726,973,4,,24
648,2009-05-11 00:48:27,  G r38X  S5Uk hNS,Completed,302,904,276,,44
649,2018-08-03 07:29:54,v262e 6 L3gujBJP6m4 ,Completed,146,302,119,,45
650,2013-03-01 11:09:37,eb  M6y U,Completed,332,69,,783,21
651,2022-02-21 21:02:53,  G7x0 Nj,Completed,692,987,,876,32
652,2016-09-20 17:12:14,3Q h OU1vz AO5F7W ,Completed,182,206,160,,37
653,2024-04-06 20:02:20,3iyUEF l0 Oj7kE,Completed,235,379,803,,46
654,2010-05-26 15:41:54,7CHY ,Completed,269,48,847,,2
655,2001-05-28 21:45:53,T ,Completed,149,754,928,,7
656,2013-06-28 00:06:50,I 4K,Completed,852,532,556,,50
657,2009-12-31 03:22:55,  L6  6 l 6q0w94 Q e 3767,Completed,686,370,33,,15
658,2002-01-15 08:56:45,nG,Completed,529,854,187,,22
659,2000-07-06 08:29:08,5 B 9,Completed,384,151,385,,47
660,2007-06-17 22:59:28,C9dZ,Completed,300,263,87,,38
661,2009-10-09 15:04:22,86 PD37J Ma5H0tfr,Completed,456,264,802,,40
662,2005-09-18 16:01:07, XzO,Completed,982,371,,486,8
663,2017-08-01 09:17:00,7gV1Q 0W 5 L  P3hc V   ,Completed,589,755,107,,5
664,2023-08-09 08:53:37,Gefi24 493,Completed,331,748,565,,5
665,2007-02-06 02:27:40,GqadJ6s0 1,Completed,103,341,,318,17
666,2012-05-04 09:57:28,P6qih53NP q RZ6 2 ,Completed,887,681,195,,27
667,2002-08-18 01:23:00,irp0,Completed,623,80,359,,4
668,2024-06-24 03:38:10, GaC2d6 Z c xa 5MJ8 8 ,Completed,499,243,16,,19
669,2024-06-09 09:52:20,8 0  JY k4Z  B5 u,Completed,325,100,735,,43
670,2006-08-24 20:08:10,qX,Completed,222,51,,477,2
671,2015-09-21 01:05:55,  qHb7AYUP,Completed,808,139,,337,46
672,2005-03-06 03:10:43,fAX,Completed,718,572,544,,30
673,2012-04-11 02:40:55,3HW YUmr,Completed,254,822,766,,11
674,2016-01-28 05:22:26, ,Completed,704,662,309,,37
675,2020-09-19 02:30:05,2 pL2 n8IwfJ JEMQ meFaZ ,Completed,918,639,963,,46
676,2017-05-31 21:01:26,yIcU94 B7n F4mI z ,Completed,649,375,,900,20
677,2014-08-29 01:25:59, YrQu LPJ8k ,Completed,513,860,495,,27
678,2012-04-19 01:38:13,pMB34 X ,Completed,713,671,757,,38
679,2020-04-11 22:27:45,  ,Completed,604,183,565,,35
680,2001-10-06 01:39:46,PPx 7 4c5L6k9D6X,Completed,156,72,124,,48
681,2019-01-26 00:56:19,5q n4 Y354 E ,Completed,898,834,327,,48
682,2020-04-25 20:48:54,0Il,Completed,992,787,,95,33
683,2019-03-24 06:12:34,mf rNh 1o6P4M0 9JRVv3,Completed,232,671,,118,28
684,2019-12-07 03:18:48,9yu 03GN5,Completed,532,464,899,,24
685,,4Nt  R0 l7W4 O4,In Progress,713,73,,598,24
686,,3X IxR  2  n2 oaNgO,In Progress,722,926,,610,46
687,2019-09-27 18:44:21,W a8er H  7gb4Y8OqR,Completed,182,891,,818,6
688,2001-06-27 08:11:25, 634Q 5 ZZ,Completed,451,700,119,,38
689,2022-12-27 22:39:28,3   zs6 ,Completed,365,190,828,,1
690,2019-09-29 11:53:02, f7tgz  y4TFxM6UCI,Completed,44,333,,321,19
691,2020-01-24 17:52:10,Efl7 UF4s8x7y 8 9 4W2  7,Completed,208,687,548,,5
692,2008-07-16 20:44:43,zh4YvRU5  e 4CL 6  81xl ,Completed,213,7,119,,13
693,2022-11-25 18:02:37,5 9D31 27hf6ciWfU H8x,Completed,403,815,,141,18
694,2004-02-02 05:47:43,P5,Completed,143,986,,690,12
695,,51QEl jd nqcZ2h7K3u  ,Not Started,210,954,412,,36
696,2023-12-09 02:10:25,p 52vOtrfTj6R0 hb2m,Completed,455,716,,358,4
697,2007-10-24 02:00:32,Jt H6 ,Completed,557,578,256,,39
698,2020-11-14 12:03:49,daHJq 8  g0U,Completed,84,950,926,,6
699,2014-02-03 00:19:07,R6rV ,Completed,93,351,156,,33
700,2002-04-05 17:19:16,H 4q 1,Completed,655,128,22,,36
701,2021-06-12 23:39:17,0m   l8UFdVF38BN ,Completed,475,780,219,,49
702,2008-02-20 13:50:37,8X1s 1y9q Lsh 4did8O,Completed,434,899,,228,21
703,2000-11-23 00:59:45,rE90,Completed,719,77,542,,19
704,2023-06-19 08:50:45, 2X M D8g  8G2 1g  ,Completed,709,357,699,,28
705,2008-07-08 17:22:33,x Ki7131VH 8I2,Completed,872,723,464,,40
706,2004-10-30 22:54:24,y,Completed,898,631,,373,33
707,2003-12-03 23:41:30,o0 Lq57B6XgQBXdB672,Completed,756,357,67,,11
708,2013-10-04 07:26:59, 1B7gAvI S  ,Completed,589,770,482,,38
709,2012-08-13 15:15:25, yRps4 9QbfT  55,Completed,659,354,766,,40
710,1999-01-17 03:43:25,zq0C3VT7a,Completed,879,191,168,,50
711,,Z,Not Started,306,442,,146,34
712,2016-03-20 05:52:49, 847b ,Completed,87,685,663,,7
713,2018-11-26 23:52:39,1 ,Completed,281,456,,264,25
714,1999-08-30 10:43:20,X3yZ J FD ,Completed,379,549,735,,7
715,2019-09-02 03:19:13,4f ,Completed,188,847,459,,20
716,1999-06-24 18:48:22, d  hG3H49g N5,Completed,165,399,394,,31
717,2004-01-28 18:02:17,THt 6,Completed,165,885,440,,16
718,2023-02-16 12:53:48,hf8wq92  9,Completed,198,444,996,,22
719,2015-07-05 13:48:47,J,Completed,176,920,962,,28
720,2020-03-17 23:45:02,211mJ0lL   HT78 YS40PHvhp,Completed,383,579,470,,13
721,2019-05-07 10:31:20,nYmv 8Wg z6b 68U20yUa,Completed,44,179,,89,18
722,2008-06-04 16:33:17,l GhLVOg  wBc p FUO8emZ7,Completed,343,160,103,,3
723,2019-02-28 23:58:58,   3c q E,Completed,298,963,,76,40
724,2005-10-27 20:01:21, ECyk lcD9 3Culffi vYU1L,Completed,459,209,491,,33
725,2007-09-13 07:10:03,R2l IA0,Completed,708,435,536,,6
726,,786I5 uasz311Yb9b ,In Progress,179,249,151,,38
727,2007-05-24 16:27:13,   b5 n0M,Completed,788,331,675,,27
728,2016-05-11 09:13:45,  mMCNLN NYB1Nz0E561,Completed,97,314,560,,24
729,2017-03-11 06:54:11,  1J1Wb g72usD63 ,Completed,540,906,126,,38
730,2011-10-11 07:24:14,arhK PKc 5gb1NRTJ,Completed,853,138,,622,7
731,2015-10-02 10:47:15,v8hLDs5lSv,Completed,847,231,813,,27
732,2020-11-23 06:19:09,s,Completed,679,397,443,,14
733,2011-05-06 18:44:19,G 4k M1 H6TF J5hrt2,Completed,655,114,642,,16
734,1999-03-27 09:25:37,co L 7p6,Completed,783,504,612,,16
735,1998-02-22 21:30:31,UW  f62HuQ1L8,Completed,152,61,,876,2
736,2003-10-16 19:40:15,U5a40yfc 60j2,Completed,751,799,883,,39
737,2017-07-15 20:23:18,ZAN5jq 96Zn5Z l OGO5  X,Completed,268,40,,956,3
738,,  ,In Progress,107,344,676,,42
739,2006-01-23 14:26:39,4n  TQL D8f30nUS  vS ,Completed,439,763,,326,42
740,2010-10-18 21:57:06,L CV B V1,Completed,536,1,331,,29
741,2012-07-15 01:15:04, R1,Completed,534,855,513,,32
742,2002-02-04 08:54:22, w  ,Completed,758,144,,636,19
743,2000-07-30 17:27:21,AuUH gz4AL9PzJCh 3pe,Completed,202,445,764,,34
744,2005-05-28 00:58:04,8  6 7UZ20q m 53K96 2 f,Completed,153,738,289,,2
745,2009-11-07 08:34:08, PH 9xERXW898zf 7d 9,Completed,205,406,150,,23
746,2003-05-08 00:58:57, Vpn6O1Yt,Completed,850,760,579,,41
747,2007-12-25 02:28:34,HI4 8  bO3AY I9IdwP g  ,Completed,990,575,805,,16
748,2011-10-02 13:20:19,8X 91 dz dXF B D5,Completed,187,762,,921,40
749,2020-09-03 07:35:13,mH  7 ,Completed,666,732,,223,3
750,2011-02-15 07:20:13,YK  IW 7v,Completed,255,387,593,,8
751,2019-04-24 15:05:51,uGZ9Q O e4,Completed,289,989,882,,17
752,2012-12-01 06:16:45,jQ8yct9u ,Completed,220,488,173,,23
753,,BtV1P2a 4O p   Y8,In Progress,486,841,,237,4
754,1999-08-22 02:32:12,   D2m,Completed,872,448,1,,44
755,,1 X ,Not Started,648,463,422,,24
756,2006-09-30 02:59:45,d 8xAJyShOD91JE7 fIfk,Completed,465,261,564,,46
757,2016-09-24 14:02:38,6F9 D,Completed,211,138,461,,42
758,2009-04-19 17:51:29,37 9 yl H 3 NE35CSki,Completed,370,668,737,,31
759,2020-04-17 09:35:06,1CSE Jor,Completed,553,110,275,,40
760,2010-06-13 10:42:47,m6 f D53 5M L9 J K5R,Completed,817,903,786,,41
761,2009-05-01 18:02:12,    101V  M 7k ,Completed,124,596,,905,34
762,1997-12-01 17:17:35,U14i s,Completed,571,624,106,,34
763,2019-06-16 16:35:57,25vspQ0T3 ,Completed,270,1,,622,45
764,2007-10-04 03:34:10,CfR5  xOQ  O 58r,Completed,637,313,,748,1
765,2014-06-23 23:03:00,2w0a SI6kmF ,Completed,47,944,836,,21
766,1999-04-09 21:34:53,wJa2g  389v,Completed,860,800,845,,41
767,2005-01-25 09:21:57,V  X i4x  X8,Completed,582,920,,740,26
768,2022-04-30 23:41:21,RYau3uji X18 mkDa7,Completed,141,615,918,,9
769,2001-10-18 19:03:52, 86131U q7Pti2u x,Completed,284,229,,304,36
770,2016-01-31 15:28:50,g5 U  9dTMy ,Completed,446,957,792,,46
771,2002-04-02 08:29:24,V 0 deI  9Xn,Completed,360,775,812,,25
772,2000-05-14 12:44:07,2yC242Z Afp WK r  0D0kcd,Completed,779,632,173,,21
773,2010-10-26 20:11:07,a75 T9  Raw4j6oaFZ,Completed,921,262,352,,30
774,2015-08-08 16:42:14, 8  fO Vl O rc1 7caF,Completed,755,410,456,,1
775,, 1EIw6g,Not Started,743,320,,9,38
776,2020-07-19 12:36:38,6xv rN 8gt5Oq4P  c6hJ2wr0,Completed,216,987,725,,32
777,2004-02-28 09:08:35,h8 g rxPk2p162n 06,Completed,19,349,,851,28
778,2013-12-27 15:40:40, Ag naM HAK jy pOV8n ,Completed,511,237,945,,44
779,2005-09-29 14:49:47,p,Completed,68,454,351,,5
780,2008-02-05 02:26:11,y 1  d5VmPrCto S2z ,Completed,427,112,239,,4
781,2019-05-19 21:35:27,5BW  2M4Ix43a1 ,Completed,172,958,726,,11
782,2000-10-28 08:20:42,IXX5RiZBb ,Completed,799,645,289,,27
783,2009-01-24 06:12:08,GFV 3C 7 n 7fh   w zD0,Completed,487,902,320,,42
784,2023-01-17 13:56:10,6    01d c,Completed,330,735,309,,34
785,2005-02-23 03:17:35, e5mAar ,Completed,868,283,453,,11
786,2013-11-16 17:58:05,rj6A  0 aYAt  VP3,Completed,657,936,731,,12
787,2010-09-14 09:52:07,8g 555D E yK M16j Er ,Completed,507,822,622,,46
788,2021-04-29 15:34:55,lsJ 9S9XgpItKr4774t,Completed,926,471,44,,49
789,2003-04-30 12:21:38,i0  R3 L i 2q,Completed,637,276,,145,47
790,1999-01-05 15:35:52,4  0n eD7  8oP PyIrt,Completed,810,668,838,,30
791,2006-09-15 02:19:20,gI34WqAF,Completed,171,672,375,,35
792,2019-07-17 14:22:39,Fch tWoUHgJ 4sN  59,Completed,146,225,,917,31
793,2000-05-04 17:12:21, 8 4  93cY a  3,Completed,699,770,107,,27
794,2020-07-29 06:22:48,hbUwP J0zFSb d,Completed,906,531,15,,9
795,2016-01-25 10:58:22,OtTv3 ey,Completed,710,295,,357,31
796,2013-12-02 08:47:26,wB u I,Completed,48,625,458,,50
797,2000-04-25 21:02:58,1   ziq,Completed,51,1000,,820,4
798,2008-06-16 17:36:25, pZ34  J ,Completed,156,966,,14,8
799,2009-05-05 02:43:03, d7Y2 7U 57CSWF9N3 w 0Ke ,Completed,761,869,,391,21
800,2011-01-21 01:30:39, o6,Completed,841,410,19,,22
801,2007-02-21 15:17:45,vE0 3 dXq   P2226,Completed,947,310,421,,42
802,2000-07-24 04:54:39,65W,Completed,212,374,,426,14
803,2023-07-14 19:14:20,BOKzy  Nz55,Completed,979,983,872,,1
804,2000-11-13 15:50:53,To,Completed,714,43,750,,36
805,2018-10-03 16:18:55,1  47 VPU2HQ  ,Completed,486,490,,87,29
806,,v5m J  G   ,Not Started,164,987,954,,13
807,2024-05-31 08:52:55,eS B6 f DgiUN,Completed,436,121,548,,39
808,2018-12-07 10:44:40,5TpLXAN W5ebTZ1E2,Completed,504,81,453,,48
809,2001-10-05 13:13:33,5u4z,Completed,132,129,932,,24
810,1998-09-04 22:16:54,6Tw5HYyq5 E4  0 f n T ,Completed,740,978,412,,22
811,2005-11-06 16:25:09, GO 1s XP ,Completed,125,740,775,,28
812,2006-12-11 01:35:24,0Cekg W7E6C2cY51C07yNpZ42,Completed,441,290,967,,32
813,1998-08-21 15:54:19,i N 1 YMt  ,Completed,404,218,,939,8
814,2006-11-17 06:43:24,49Q0J I 315S1J5,Completed,353,137,809,,14
815,2012-03-02 15:36:23,  6X5 74Al HX ED7RW  4 zj,Completed,229,587,536,,23
816,, 2I7   x  Y     VU  3  3 ,In Progress,942,742,490,,29
817,2002-04-18 04:30:18,4xs 0cpw w6GB8M5b1 ,Completed,230,722,342,,39
818,,46VG8ITE54wxcu NW 3h   ,Not Started,74,25,,440,14
819,2014-01-21 10:51:38,h5h i,Completed,96,653,238,,37
820,2005-01-12 13:49:14, wPR1ZBw d4 Q je3R,Completed,688,958,235,,6
821,2023-03-18 14:00:47, E9E,Completed,809,377,170,,22
822,2017-12-04 19:21:48,4a  ,Completed,162,340,,656,43
823,2004-01-28 04:11:08,h 9MSR x TG9n m gX74,Completed,854,979,,176,23
824,2008-04-19 12:18:48,em0X9 A  ,Completed,776,647,772,,4
825,2005-07-17 01:07:42,J Rzp 7 3u49 8D 0Vj4j3,Completed,100,394,236,,36
826,2001-06-24 18:51:54,p  iQ9 VF 77    n1Ct,Completed,405,359,683,,11
827,2024-02-29 12:29:18,Ns QJ Rz6oz,Completed,411,303,937,,27
828,2018-11-12 23:43:35,Y  g1d69A1n  3z00 4,Completed,352,256,951,,21
829,2021-11-28 23:40:09,F9PZ2x 6q TkA Jr0 ,Completed,795,266,,529,34
830,2012-04-25 15:36:47,irg 6Mz13 0 ZOJ,Completed,907,254,195,,26
831,2023-03-18 02:07:29,P 5lNq1JE 0w3U s3 ,Completed,599,603,575,,7
832,2023-03-15 11:45:34,q8B,Completed,855,42,847,,15
833,2004-07-25 19:16:36,17O i K8Tn 3S,Completed,133,688,1,,41
834,,9x Ma c UT  W  AQax3y 0D ,In Progress,708,629,303,,28
835,2019-02-13 02:01:03,f  yXiV22At Y CmJRfo,Completed,630,772,783,,41
836,2003-06-03 12:10:46,WT3,Completed,361,362,717,,24
837,2001-06-10 03:24:22,0C,Completed,843,695,185,,7
838,1998-01-14 10:16:59,h2rx8T,Completed,573,360,,966,6
839,2008-11-18 16:46:25,hubSB ng    vFf61jR 90Pv,Completed,702,683,,689,39
840,2012-12-15 07:46:05,f t6 W4Ab7Ln T  b2,Completed,667,897,563,,18
841,2010-04-28 06:47:16,7X 8n ,Completed,864,168,701,,18
842,,B3 n8  b 4e6 2  8,In Progress,476,525,24,,45
843,,G Q1 k61OkO9s6   7ve   ,Not Started,858,74,122,,6
844,2006-07-24 22:08:34,HN0m76   S,Completed,543,127,,522,17
845,2003-04-13 10:50:05,s69n25 6oMzjc8Pbcb13x q 7,Completed,706,865,,420,45
846,2012-04-10 12:14:37,k5m w Wq ,Completed,723,237,856,,12
847,2017-10-21 23:17:42,Db SMvH6 K A99yv D2yTYXw,Completed,902,839,498,,11
848,2008-11-19 09:18:17,5w F2hWU93,Completed,415,149,527,,25
849,2006-11-25 18:13:24,MvRou h U 3Rx3 5 65RfN,Completed,980,873,703,,28
850,2022-01-01 14:13:04,g,Completed,213,27,,428,26
851,2013-12-04 22:07:14,N Db 2,Completed,317,77,213,,5
852,2001-06-15 00:00:54, 6AK lUeAu6PRP 1,Completed,571,361,69,,40
853,2022-05-07 10:28:59,9slNIbC  H D5E86 ,Completed,588,599,250,,13
854,2002-06-13 13:08:38,F h7J KPK  y Z O046p,Completed,704,617,,255,2
855,2016-01-28 16:31:49,  a,Completed,697,621,289,,17
856,2002-12-22 18:05:17,3,Completed,761,95,892,,30
857,2017-04-08 06:49:13,H v n  9Bk63bl  k 7 Vw Fe,Completed,740,510,258,,48
858,,0  8  97 ,Not Started,789,967,,661,6
859,1999-08-30 20:40:20, 49cnX4  0vT J1AC l2 ,Completed,226,588,,828,32
860,2005-10-17 12:39:37,6 k57XTK0pL44N 50 2OEqX q,Completed,213,631,255,,18
861,,Zf33,Not Started,937,428,,258,49
862,2007-05-14 08:22:52,xi994 BUSLcIe5 3J,Completed,722,545,13,,43
863,2018-05-07 16:46:14,Q8E MLn ,Completed,745,658,790,,23
864,2010-09-19 10:11:07,nQ6 6vsYo7AZO bg0Z5XZ  t0,Completed,939,820,612,,16
865,,  jWHBGLE 40LaDx0v 8  y,Not Started,718,599,623,,6
866,2018-02-19 07:38:58,0 H5 n4D k0V XD 5MFL7EF3G,Completed,466,416,,531,30
867,2005-03-12 09:23:57, 06AFj1Q Y,Completed,208,604,415,,40
868,2006-03-06 16:15:38,7 tfCy kD6oM 0vLQ,Completed,746,372,473,,49
869,2011-02-18 23:15:46,P L4wbT1 5kvu 5dxY0hh3 ,Completed,898,680,794,,40
870,2013-06-28 05:17:23,702H Ky9z  ,Completed,741,978,589,,22
871,2019-10-17 15:41:25,18S 2QuG 3,Completed,105,280,,178,10
872,2024-06-08 04:08:20,  21C945I ,Completed,428,587,,812,35
873,2020-12-21 02:35:24,FWU oa,Completed,405,800,852,,39
874,1998-10-21 16:30:20,gO63 2D  4j,Completed,32,970,362,,24
875,1998-12-04 09:38:03,O KW0,Completed,531,905,743,,32
876,2016-12-21 01:07:35,s0j  y0umO Y,Completed,543,988,528,,30
877,2011-08-01 01:36:58,ln1v   1,Completed,621,488,23,,1
878,2013-02-02 08:52:10,b  Kcn76Ww,Completed,484,291,99,,46
879,2022-05-11 00:26:30, y874qm s  ihT i,Completed,145,365,820,,3
880,2011-10-15 22:28:37, k 1p k97z3  81K YaN ,Completed,323,178,,678,38
881,2022-11-27 10:21:58,0     JH4mT cr 21 31r,Completed,670,630,229,,13
882,2003-05-30 04:11:22,n 8,Completed,180,672,561,,3
883,,e uGmNv8N  lG8jy0sM,Not Started,606,743,956,,37
884,,5jR861,In Progress,182,254,245,,10
885,2001-12-20 17:49:17,  6X b7 QD  sqc3c K9 QF8,Completed,192,432,,954,47
886,2005-09-15 12:21:59,K gKESHH077 A L9i  T1t4,Completed,834,155,,942,3
887,2011-11-06 08:54:36,XjB4,Completed,21,494,363,,32
888,,3  RnQ z ,In Progress,325,214,628,,18
889,,HlUc2el6  W x ncr2j LE3 I,Not Started,533,77,922,,44
890,2017-08-12 00:18:35,1R 1kNs 07Y5a,Completed,951,11,,5,40
891,,A MtEYd4L 8,In Progress,517,333,764,,12
892,2017-07-06 23:08:43, 8D84 366 Ts,Completed,786,987,824,,25
893,2010-05-22 04:36:30, 3 k  ,Completed,403,849,,438,47
894,2006-08-02 14:35:06,E  Ty,Completed,284,255,135,,32
895,1999-01-05 20:32:58, At 8zQL1w  Dx  LGcH,Completed,281,856,775,,26
896,2019-05-16 01:08:38, i    5 G VTP ,Completed,276,343,,930,43
897,,r QV34IF5O R  CdgZ,In Progress,202,644,900,,33
898,2002-03-05 09:30:50,wg8a5704 H I83zyE Iv ,Completed,45,177,549,,6
899,1998-05-13 18:37:46, 6X 4zA5 1 A 8 wxi958 7,Completed,687,472,650,,23
900,2000-03-13 04:00:35,L 0 45TG4,Completed,969,760,149,,36
901,2010-06-08 21:34:53,zSwlj Sr   G c383NU WmtD5,Completed,281,215,716,,3
902,2009-11-03 00:14:51,N 5 JXue5Dul,Completed,690,771,583,,48
903,2003-08-28 22:29:56,0FX1c6UT,Completed,225,120,730,,20
904,2019-03-02 13:10:19,5HHg s 8U B KBud5vBR ,Completed,358,72,,294,33
905,2016-10-18 06:11:36,C 0R  XLKcBUZ0Bs,Completed,28,102,650,,5
906,2015-07-16 01:16:30,Z1lzx9J  4T76C ,Completed,675,470,661,,11
907,2012-07-01 19:44:20,R,Completed,746,382,,174,10
908,2023-06-26 03:03:14,aVR8M 4 tYI0B3vq37,Completed,927,123,191,,30
909,2013-08-03 16:33:54,Ihz 9 tI ,Completed,954,479,378,,26
910,2003-12-04 00:19:14,VvQX   r1D cpS,Completed,445,573,,349,1
911,2003-02-11 18:27:11,Jr 4 ,Completed,29,862,512,,3
912,2005-10-13 00:03:31,OHoe41 s 9w  t9P t i,Completed,363,103,1,,37
913,2009-07-01 09:17:25,J,Completed,571,583,266,,4
914,2018-06-03 08:49:21,Z8Kx,Completed,392,552,413,,30
915,2009-10-13 17:36:08,4107 Qh0 LwRmFGWVcUMfS,Completed,25,253,50,,27
916,2022-06-07 10:16:52,TAenTb7He14COU 34,Completed,488,987,228,,32
917,2001-08-01 07:39:53,9zh4CNcC17,Completed,288,817,624,,50
918,2008-10-15 19:54:48,rKdaSG9 PWa22F0BUY3  ,Completed,288,335,34,,27
919,2009-04-08 01:51:24,D0I0I04TlxQ L gx 3l 6 iO,Completed,595,455,889,,5
920,2006-06-06 13:40:30,16rrg6H  K W lU6Ci,Completed,845,66,41,,42
921,2017-09-26 05:08:20,z4Ieh,Completed,370,461,534,,9
922,2002-05-07 09:33:04,TE9TrC7 0THM9wvSP 1hE4,Completed,950,630,491,,3
923,2022-12-10 15:24:39,X e 59,Completed,372,585,,928,41
924,2002-04-27 04:25:35,9q  4 O,Completed,558,751,593,,27
925,,c00  ,In Progress,786,750,177,,10
926,,  Zp  3bP 03728 e YD439Og,Not Started,843,590,774,,30
927,2012-09-22 01:56:18,3RU i,Completed,912,239,181,,8
928,2020-05-17 20:51:56,0m422328I  D HM4 U 09UE,Completed,968,974,984,,31
929,2004-10-13 19:31:51,NFJ35zxxHf3 0Hxb39J,Completed,828,870,79,,5
930,2003-05-07 17:24:39,gnF,Completed,388,20,487,,2
931,2020-04-13 03:56:02,mW9,Completed,24,130,,764,28
932,2010-04-10 18:57:16,9G ,Completed,862,835,994,,9
933,2007-03-24 13:56:31,Ao i L0,Completed,395,571,934,,20
934,2000-07-20 10:18:03, k0t2uw,Completed,325,619,,714,27
935,2013-01-07 03:28:13,p  T  ,Completed,8,496,353,,9
936,2023-02-13 08:57:06,Z y  C td0x3k  0P23 5H47,Completed,17,539,,85,31
937,2002-04-04 01:45:18,  7jd u8b  94   77 ,Completed,180,357,229,,6
938,2024-03-03 19:18:27, 1j Y 1IX712M  r2NlN1 1u,Completed,672,520,,739,18
939,2020-05-03 23:15:18,1A9  5526 5 2Jl 8T  P,Completed,595,457,,208,3
940,,U2 S F  a 1iC4a,In Progress,149,39,312,,45
941,1997-08-29 14:24:54,xN74MzIA61  ,Completed,713,129,899,,30
942,2022-06-08 13:08:15,rEK92n5gGWgs AM6    bg EP,Completed,934,818,,828,14
943,2020-11-08 10:03:25,CU9K4 v ee776o   2 OOW I,Completed,288,424,285,,46
944,2002-03-11 12:42:53,w Zs35I  aR bCYCTJ1 GdT,Completed,83,459,707,,40
945,2006-10-18 04:18:48,H5 I9X,Completed,129,750,30,,27
946,2016-08-03 00:58:58,  ZF 6,Completed,208,524,,635,25
947,2010-04-29 04:15:38,MG 10  p5N ,Completed,470,215,907,,17
948,2015-09-05 23:53:24, DbtK7  n7 U567Y Bpw ZgH,Completed,98,147,414,,35
949,2016-12-29 16:44:54,g33D7  629 VO 8p m W  ,Completed,178,126,891,,28
950,2003-10-24 02:49:15,iJx4Lq,Completed,447,85,741,,45
951,2010-08-07 05:35:09,   l   c30 A,Completed,921,117,,228,36
952,1999-05-14 23:20:03,0y45E34,Completed,25,416,846,,16
953,2003-04-29 05:21:35,4oJ1reCKEB 4AHe6Yk9 5   M,Completed,280,816,925,,40
954,1998-03-22 05:44:08,0 ,Completed,744,496,,147,28
955,2003-03-08 05:56:34,O H45xHYi C8,Completed,474,625,215,,38
956,2006-12-29 08:58:11, 33zfNKC dfm 9 ee0,Completed,585,956,,687,37
957,2005-02-12 16:02:49,  BIx 74d YH2ZMS o09,Completed,233,847,,42,37
958,2013-02-06 07:12:18,FRr7VT4 ,Completed,656,909,237,,21
959,2020-11-23 05:20:58,dZVREU1c   TQQpo44,Completed,452,447,341,,20
960,2023-03-29 03:18:46,P 7qi,Completed,423,850,,913,23
961,2013-09-01 03:09:07, 5,Completed,822,783,,790,8
962,2023-01-14 15:01:50,mYbs 57 h0 K1,Completed,578,31,,729,47
963,2015-07-08 22:20:35,30 gf  On  FZRg V,Completed,583,701,181,,24
964,2016-03-14 01:56:54,QU9pzRL50IB 4a5  ,Completed,128,806,,232,47
965,2017-05-22 00:07:27,5W3bG2m 8C8Eq 7x3a 8,Completed,962,439,620,,11
966,2014-03-09 18:59:30,4f4 s6f,Completed,330,855,20,,10
967,,  1m S4S2645 H9 mZCb,In Progress,700,758,797,,11
968,2023-03-27 12:59:46, l56,Completed,709,392,479,,22
969,2011-07-12 05:08:12, 8 5I2 7,Completed,107,936,803,,13
970,2006-02-13 05:04:26,   Y8O4E3 05y6 64,Completed,576,932,872,,9
971,2020-06-03 10:47:47,Ff0E,Completed,582,557,,603,6
972,2002-10-21 20:33:45,1   4B8J 5 Hm304f8e5 A,Completed,366,582,510,,21
973,, Ad29    1V 3q4,In Progress,182,355,466,,6
974,2011-04-08 22:46:59,  V55 e1A,Completed,596,451,409,,40
975,2006-01-04 12:47:51,6k5 cV54Z1 N1S RK07 KV ,Completed,872,695,372,,19
976,2007-12-23 23:37:31,t 088Z7 GtT  K,Completed,162,563,925,,8
977,2012-10-19 12:49:18, L9IsxC8,Completed,399,768,35,,26
978,2023-09-21 12:34:02, u,Completed,990,96,382,,41
979,2020-10-21 11:05:09,x 9l  pfskzR6ho 2g 8,Completed,103,517,,640,20
980,2005-06-29 01:20:12,r  W6F2 ABn P96  73Xi ,Completed,102,12,442,,46
981,,hg3E2o s9  2 fzy ,In Progress,890,757,195,,15
982,2013-10-22 16:29:33,vW8O,Completed,114,642,,212,37
983,2013-03-28 18:06:23,5 7LJ29u  7n9k5SJ5Kx ,Completed,875,55,889,,33
984,2008-03-18 08:41:55,Uwys,Completed,425,830,467,,5
985,1999-09-02 23:43:33,E 89C  Ny djMO   dK5B ,Completed,880,505,,177,8
986,2022-06-17 22:24:44,I8 zQ3j,Completed,676,12,470,,21
987,2016-08-15 05:13:54,0 l3,Completed,962,489,817,,45
988,,GXxP7 5T2v SB3kwv26  l 1,Not Started,986,149,698,,42
989,2009-09-01 14:21:45,jN8j4jbt hQ 1 o1lzq Q9z r,Completed,848,925,800,,30
990,2004-09-24 19:04:18,3 ZIV  1y7bY R 5r  kb kXg,Completed,683,518,839,,22
991,2002-08-12 13:01:06, WD,Completed,790,590,676,,10
992,2006-11-04 12:15:11,14 yp,Completed,270,594,560,,14
993,2007-08-02 11:23:39,OoY65p9Ed PB 7c699  ,Completed,862,655,200,,32
994,1997-12-22 09:39:18, y0d51X4 zS8NHKW,Completed,457,702,580,,15
995,2012-03-12 06:02:26,4 I847Hx nE Dm,Completed,798,491,118,,41
996,2014-09-10 01:23:01,N3,Completed,10,13,691,,9
997,2007-01-18 08:24:54,LK a VYX346 ,Completed,425,874,,886,32
998,2023-07-16 03:34:40,hS   D3Z h1 38 z o  R6diG,Completed,900,141,898,,34
999,1999-06-09 16:10:54,717TsV6yrm 73  5d o3rA5,Completed,679,299,,467,8
1000,2009-07-14 02:54:08,297d9S  UFSl4z3 6TR2nPD,Completed,264,759,409,,22
